sequence_key,Time,Interval,Min op-reachability (%),Max op-reachability (%),Avg op-reachability (%),Min in-octets (kbit/s),Max in-octets (kbit/s),Avg in-octets (kbit/s),Min in-utilization (%),Max in-utilization (%),Avg in-utilization (%),Min in-errors (%),Max in-errors (%),Avg in-errors (%),Min in-discards (%),Max in-discards (%),Avg in-discards (%),Min out-octets (kbit/s),Max out-octets (kbit/s),Avg out-octets (kbit/s),Min out-utilization (%),Max out-utilization (%),Avg out-utilization (%),Min out-errors (%),Max out-errors (%),Avg out-errors (%),Min out-discards (%),Max out-discards (%),Avg out-discards (%)
256169871,2024-02-28 22:50:00,2432752,,,,0.0,,,,,,,0.0,,,0.0,,,27.32782014415012,2.7425235358782585,,,,0.0,,,,0.0,
256169871,2024-02-28 22:55:00,16415083,100.0,100.0,100.0,,24.335330030594598,,,,,0.0,0.0,0.0,,,0.0,,29.054889187077265,,,,,0.0,0.0,0.0,0.0,,
256169871,2024-02-29 01:51:42,12172644,100.0,100.0,,0.0,13.136323914351303,4.109873695583562,,,,0.0,0.0,0.0,,0.0,,0.0,,,,,,,,,,0.0,
256169871,2024-02-29 07:41:41,29700000,,100.0,,,,,,,,0.0,0.0,0.0,,,,7.113291390652477,40.4746907655575,2.840227038629899,,,,0.0,,,,0.0,
256169871,2024-02-29 08:51:39,300000,,,100.0,,23.652863489783684,2.7759285651846857,,,,0.0,,,,,0.0,0.0,12.230511951476508,,,,,0.0,,0.0,0.0,0.0,
256169871,2024-02-29 16:09:30,18840434,100.0,,,,12.506753040823426,,,,,,,,,,0.0,,24.901786662622488,5.546448753752838,,,,0.0,0.0,,0.0,,0.0
256169871,2024-03-01 00:34:30,18212925,100.0,100.0,100.0,5.0023799784055045,16.77280681901826,,,,,,0.0,0.0,0.0,,,,58.430164681745985,0.0149592257215576,,,,0.0,0.0,,0.0,,0.0
256169871,2024-03-01 04:30:04,27792095,100.0,,100.0,,7.352113904116275,2.146826421313067,,,,0.0,0.0,,,0.0,0.0,,,,,,,,0.0,0.0,,,0.0
256169871,2024-03-01 11:17:00,29700000,100.0,100.0,100.0,,,3.5195982557562018,,,,,,,0.0,,,2.2632895306539127,20.849893871017258,3.3539055832257127,,,,,,0.0,,0.0,0.0
256169871,2024-03-01 11:59:09,21861159,,100.0,,0.0,,,,,,,0.0,,0.0,,,0.0,28.72784436635237,,,,,,0.0,0.0,,0.0,0.0
256169871,2024-03-01 18:03:46,25896228,,100.0,,,,3.0363963259671563,,,,,0.0,0.0,0.0,0.0,0.0,1.02328210448808,25.557162125303837,8.051760051409257,,,,0.0,,0.0,0.0,,0.0
256169871,2024-03-01 21:59:20,6819382,100.0,,100.0,0.2025147495257165,,,,,,0.0,0.0,0.0,0.0,0.0,,,17.539993124242844,6.29018744504439,,,,,0.0,0.0,,,0.0
256169871,2024-03-02 03:00:50,16862822,,,100.0,1.9883124308102234,,3.4651696730028285,,,,,0.0,0.0,,,,0.0,44.017262661936286,,,,,,,0.0,0.0,0.0,0.0
256169871,2024-03-02 11:25:50,19014471,,,100.0,,10.72169621385968,4.13900803490903,,,,0.0,,0.0,0.0,,,3.6217740959896942,44.68805899063281,8.844404407924554,,,,,0.0,,0.0,,0.0
256169871,2024-03-02 11:30:50,300000,100.0,100.0,100.0,2.002381871261898,,,,,,,0.0,,0.0,,0.0,,36.93833481322824,4.150776464281936,,,,,0.0,0.0,0.0,0.0,
256169871,2024-03-02 15:26:25,29700000,100.0,100.0,,,,4.496096556014987,,,,0.0,0.0,0.0,0.0,0.0,,0.0,,,,,,,,0.0,,0.0,
256169871,2024-03-02 23:37:34,300000,,100.0,,,,2.885229511499837,,,,,0.0,0.0,0.0,0.0,0.0,3.5934482374766215,,7.359291329756027,,,,,,0.0,0.0,0.0,0.0
256169871,2024-03-03 06:57:59,15614067,100.0,100.0,100.0,1.393109560077827,,,,,,0.0,0.0,,,0.0,,,,8.098875813936113,,,,0.0,,0.0,0.0,,
256169871,2024-03-03 10:53:34,11906657,,,100.0,3.466233014304679,,,,,,,0.0,,,0.0,0.0,4.812765604025482,,8.514602345672557,,,,,0.0,,0.0,0.0,
256169871,2024-03-03 13:57:38,9718524,100.0,100.0,100.0,0.0,9.801982977143382,5.788318012213436,,,,0.0,,0.0,,,,3.6740702422877485,36.03627129419482,,,,,0.0,0.0,,,0.0,0.0
256169871,2024-03-03 17:36:23,15613359,,,,,20.074645449295552,5.038516573567183,,,,0.0,,0.0,,,0.0,0.0,34.89996573210835,3.4223809871341424,,,,,0.0,,0.0,0.0,
256169871,2024-03-03 22:10:15,16075435,100.0,,100.0,,5.552907448159905,3.7823394611359604,,,,,0.0,0.0,0.0,,,1.5115421934730353,32.27370625721888,3.4227087932106386,,,,0.0,0.0,0.0,,,
256169871,2024-03-04 05:00:41,16177261,100.0,100.0,100.0,,,2.975447778455225,,,,,,0.0,,,0.0,,,14.109813102811259,,,,0.0,0.0,0.0,0.0,0.0,0.0
256169871,2024-03-04 06:38:50,9912981,,,100.0,0.0,16.50456810680603,4.00654543317582,,,,,0.0,,0.0,0.0,0.0,1.6320943323973593,27.921412303289326,15.218914701713118,,,,,0.0,0.0,0.0,,
256169871,2024-03-04 11:47:48,2935906,100.0,,,0.9587166179274993,16.363235830341203,2.021921676162404,,,,0.0,,0.0,0.0,0.0,0.0,,,13.366973902006553,,,,,0.0,,,,0.0
256169871,2024-03-04 11:52:48,17228850,100.0,,,,10.96234251714608,1.7821721539223234,,,,0.0,,0.0,,,0.0,0.0,23.861205012360582,,,,,,0.0,0.0,0.0,,0.0
256169871,2024-03-04 20:17:48,3091483,100.0,100.0,,1.4850627881641751,,5.618096012803252,,,,0.0,,0.0,0.0,,,1.3232617842390768,,8.6590185848668,,,,,,0.0,,0.0,0.0
256169871,2024-03-05 00:31:18,12621956,,,100.0,,8.424950842790201,2.6554983570728257,,,,0.0,,0.0,,,0.0,0.0,,,,,,0.0,0.0,,,,
256169871,2024-03-05 04:24:07,13199719,100.0,,100.0,0.0,,2.221285964370768,,,,,0.0,,0.0,,,,,7.603789271438118,,,,0.0,,,0.0,,0.0
256169871,2024-03-05 07:01:57,29700000,100.0,,,,12.925424022651164,,,,,,,0.0,0.0,0.0,0.0,0.0,30.843711892028484,5.926436765285066,,,,0.0,0.0,,0.0,,
256169871,2024-03-05 07:06:57,14420328,100.0,100.0,100.0,0.3449217607614562,,2.498158029913795,,,,,,0.0,0.0,0.0,0.0,4.322412082237386,49.46336790502909,,,,,0.0,,0.0,,,
256169871,2024-03-05 15:31:57,29700000,,,100.0,0.0,,,,,,,0.0,,0.0,0.0,0.0,,19.548790029182193,5.923032596756691,,,,0.0,0.0,,0.0,,
256169871,2024-03-05 18:49:00,7422079,,100.0,,0.0,,3.340058996163858,,,,0.0,0.0,0.0,,0.0,,,30.171333861965135,,,,,0.0,0.0,,,,0.0
256169871,2024-03-05 22:23:02,11691133,,100.0,,,,1.730169333341594,,,,,0.0,0.0,0.0,0.0,0.0,,,2.640893524018927,,,,0.0,,0.0,,,0.0
256169871,2024-03-06 02:15:41,300000,,100.0,100.0,0.0,8.177616095027268,2.458238228543792,,,,0.0,,0.0,0.0,0.0,,5.704988886455609,28.379605860206578,,,,,,,0.0,,,0.0
256169871,2024-03-06 10:40:41,1329357,,,100.0,,6.939527026119028,,,,,0.0,,0.0,0.0,0.0,,,12.817781264484765,,,,,,,0.0,0.0,,
256169871,2024-03-06 11:26:04,10088499,100.0,,100.0,0.27295664109701795,10.909774366793751,2.902241801496678,,,,0.0,0.0,0.0,,0.0,0.0,,,1.3304802107618787,,,,,,0.0,,,
256169871,2024-03-06 13:37:45,3667507,100.0,,100.0,,8.921414694543095,4.935296794565247,,,,0.0,0.0,0.0,,0.0,0.0,0.0,,5.631398203957762,,,,,0.0,0.0,,0.0,0.0
256169871,2024-03-06 18:36:43,29700000,,100.0,100.0,,,,,,,0.0,,,0.0,0.0,0.0,0.0,,1.9835850301621685,,,,,,0.0,,0.0,0.0
256169871,2024-03-06 22:33:36,300000,,,,0.0,,1.8883614494902319,,,,,,0.0,,0.0,0.0,2.5769520258813565,,,,,,0.0,0.0,0.0,0.0,,0.0
256169871,2024-03-07 04:20:01,2718145,100.0,,,0.0,19.679595771858235,,,,,0.0,,,0.0,0.0,0.0,0.0,,,,,,0.0,0.0,0.0,,,0.0
256169871,2024-03-07 06:04:20,20532620,100.0,,,,14.89958123072698,,,,,0.0,,,0.0,,,,33.607275373005514,8.371862932135627,,,,0.0,,0.0,0.0,0.0,
256169871,2024-03-07 08:33:49,29700000,,,,1.262325400370238,0.7806738565954312,,,,,0.0,0.0,0.0,0.0,0.0,,2.1566414037912183,41.80372911645195,13.250073858030714,,,,,0.0,0.0,0.0,0.0,0.0
256169871,2024-03-07 12:29:24,300000,,100.0,100.0,0.0028536513979596223,,2.2577840855577627,,,,,0.0,0.0,,,0.0,0.0,32.889384343575664,2.9340240415369965,,,,0.0,,0.0,0.0,,0.0
256169871,2024-03-07 15:46:52,14347624,,,,,7.722653768915467,,,,,,0.0,0.0,0.0,0.0,,1.949830165182398,30.178847719273456,,,,,,,,,0.0,
256169871,2024-03-07 15:51:52,25339736,100.0,100.0,,0.20933494480442516,13.364191396427774,4.222443369445106,,,,,,0.0,,0.0,0.0,1.7303279556085016,21.17146817301711,2.2992763624204873,,,,,,,0.0,,0.0
256169871,2024-03-07 15:56:52,22868277,100.0,,100.0,,22.542994188295147,4.143024431283645,,,,,0.0,0.0,,0.0,,0.0,22.00002500759759,,,,,,,0.0,,,0.0
256169871,2024-03-07 16:01:52,3928959,,,100.0,0.8854718991096395,21.688743538351623,,,,,,,,0.0,0.0,,0.0,30.09741005607739,5.300366436620011,,,,0.0,,0.0,,0.0,
256169871,2024-03-07 19:04:05,18334391,,,100.0,0.9350765996229422,14.5506090086047,5.127903433263751,,,,,,0.0,0.0,0.0,0.0,0.0,34.70136713299499,,,,,0.0,,0.0,,,0.0
256169871,2024-03-07 20:02:57,27459939,,100.0,100.0,,24.684157287460643,3.809700709423838,,,,,,,0.0,0.0,,,24.792720429356805,6.241376484157176,,,,0.0,0.0,,0.0,,0.0
256169871,2024-03-08 00:13:23,13245029,100.0,100.0,100.0,2.3443688925832484,14.508220606690644,4.260567426768813,,,,0.0,0.0,0.0,,0.0,0.0,,,,,,,0.0,0.0,0.0,,0.0,
256169871,2024-03-08 02:42:33,22964630,100.0,100.0,100.0,0.21590662485648898,,,,,,,0.0,0.0,0.0,0.0,0.0,0.0,30.949052282780798,,,,,0.0,,0.0,,0.0,0.0
256169871,2024-03-08 06:38:08,19072221,,100.0,,,,3.171614017699767,,,,,0.0,0.0,0.0,0.0,,4.4471430299387285,,3.218699039693811,,,,0.0,0.0,0.0,0.0,,0.0
256169871,2024-03-08 15:03:08,9223857,100.0,100.0,100.0,4.596078159784011,9.3614248680837,1.6985042524815692,,,,,,,,0.0,,,,,,,,0.0,,,,,
256169871,2024-03-08 17:06:15,29700000,100.0,100.0,,0.7056336047692723,,,,,,,0.0,,,0.0,,,19.003765336889003,,,,,0.0,,,,0.0,
256169871,2024-03-08 22:09:07,18896735,100.0,100.0,100.0,,,4.577607341138645,,,,,0.0,0.0,0.0,,0.0,0.0,14.256943954531856,,,,,0.0,,0.0,0.0,0.0,0.0
256169871,2024-03-09 05:15:07,25988896,,100.0,,,,4.166320749574035,,,,,,0.0,0.0,,0.0,1.7617285931434128,28.74519187753763,5.014908359893119,,,,0.0,,0.0,,,
256169871,2024-03-09 09:19:24,29700000,,,,0.0,,4.662577641153783,,,,0.0,,,,0.0,0.0,,,2.8150114146175294,,,,,0.0,,,,0.0
256169871,2024-03-09 13:42:10,8932325,100.0,,,1.4829716047576178,9.843206659084927,,,,,0.0,,0.0,,0.0,,1.002045309658147,28.75573831896645,,,,,,,,,,
256169871,2024-03-09 20:29:20,17281190,,100.0,100.0,0.0,,1.5310920629374607,,,,0.0,,,0.0,0.0,0.0,,,,,,,,0.0,0.0,0.0,0.0,0.0
256169871,2024-03-10 03:58:31,18336408,100.0,100.0,,,18.92044885790299,,,,,0.0,,0.0,0.0,0.0,,0.6633083748173703,9.11730076164076,,,,,0.0,0.0,,0.0,0.0,0.0
256169871,2024-03-10 06:02:47,300000,,100.0,,,,,,,,0.0,0.0,0.0,0.0,,,0.0,28.954262252486906,,,,,0.0,,,,0.0,
256169871,2024-03-10 06:37:22,29700000,,,100.0,,17.331536423024396,,,,,0.0,0.0,0.0,,,,0.0,38.1626514999317,,,,,0.0,0.0,0.0,,0.0,
256169871,2024-03-10 10:18:03,4816294,,100.0,100.0,2.3721412798569834,6.503460111544821,,,,,0.0,,,,,0.0,0.0,,6.658396886486814,,,,,0.0,,0.0,0.0,
256169871,2024-03-10 16:38:56,19275766,,100.0,100.0,,11.252112484098433,1.8711465973654156,,,,,0.0,0.0,0.0,0.0,,,24.83893893965704,4.499102904733152,,,,,,0.0,,0.0,0.0
256169871,2024-03-10 18:51:21,27000891,,,,0.23993940334664396,,3.9810915801750344,,,,,0.0,,0.0,,,1.8978291918109278,29.16593423913272,7.4245085586486725,,,,0.0,,0.0,,0.0,0.0
256169871,2024-03-10 22:46:56,12116122,100.0,,,,19.191838097351486,,,,,,0.0,,,0.0,,0.0,,7.00962260123536,,,,,,0.0,0.0,0.0,0.0
256169871,2024-03-11 01:37:15,1457078,100.0,100.0,100.0,,14.970804586334808,,,,,,,,0.0,0.0,0.0,0.0,,,,,,,,,,0.0,0.0
256169871,2024-03-11 04:58:16,13778152,,100.0,100.0,0.6625657096326929,,,,,,0.0,,0.0,,,,,,6.506018041307269,,,,,,0.0,,,
256169871,2024-03-11 07:37:08,18336408,100.0,100.0,,,24.81876093207096,,,,,,0.0,0.0,0.0,0.0,,2.551276864195352,,3.163047103183262,,,,,,0.0,,0.0,
256169871,2024-03-11 10:00:14,25773329,,100.0,100.0,,,,,,,,0.0,0.0,0.0,0.0,0.0,,32.69349179034312,7.800808443035395,,,,0.0,0.0,,0.0,,0.0
256169871,2024-03-11 17:13:26,3634579,100.0,,100.0,,18.779316090350168,,,,,,,,,,0.0,0.0,,6.100439540863588,,,,,,0.0,,0.0,0.0
256169871,2024-03-11 19:46:05,15272463,,,,,18.039011548753457,,,,,0.0,,,0.0,0.0,0.0,0.0,,,,,,,,0.0,0.0,0.0,
256169871,2024-03-11 22:10:42,8306873,100.0,,100.0,3.3353249802219582,18.400234469759923,3.643376596485867,,,,,,,0.0,,,,,1.8116866856052525,,,,,,,0.0,0.0,
256169871,2024-03-12 02:01:49,25407425,,,,0.0,2.207581178982501,,,,,,,0.0,0.0,0.0,0.0,,27.455473856437344,5.991451801808751,,,,,,,0.0,,
256169871,2024-03-12 05:35:55,21427169,100.0,100.0,100.0,1.1994801741315715,7.246787886348052,,,,,,0.0,0.0,0.0,0.0,,,,,,,,,0.0,0.0,0.0,0.0,0.0
256169871,2024-03-12 11:23:00,11302344,100.0,100.0,,,,,,,,,0.0,0.0,0.0,0.0,0.0,1.752244179187871,23.387019481912105,7.982031598274733,,,,0.0,0.0,0.0,0.0,,0.0
256169871,2024-03-12 17:52:41,5408337,100.0,100.0,,,17.86963052242603,4.380304715804361,,,,0.0,,0.0,0.0,0.0,0.0,0.0,41.06223059754656,,,,,0.0,0.0,0.0,0.0,0.0,0.0
256169871,2024-03-12 17:57:41,13762795,100.0,,,0.0,7.8290287384480575,4.8746796145474125,,,,0.0,,0.0,0.0,0.0,0.0,0.16499479727368682,20.572728341578937,10.01150890824277,,,,0.0,0.0,0.0,0.0,,
256169871,2024-03-12 22:16:56,11034631,100.0,100.0,100.0,2.9677040407301725,22.71128750345813,,,,,,,0.0,0.0,0.0,,6.760520435823349,,7.0317164405333665,,,,0.0,,0.0,0.0,0.0,
256169871,2024-03-12 23:41:10,300000,100.0,,100.0,,,2.843115715431811,,,,,,,0.0,,0.0,,39.88364874005423,,,,,,,0.0,0.0,,
256169871,2024-03-13 02:39:37,12945438,,,100.0,0.7237964418141314,,,,,,,,0.0,0.0,,,2.1721500676807843,,6.478080910478956,,,,,0.0,0.0,,,0.0
256169871,2024-03-13 07:44:48,17574100,,,,3.5186074067009874,,6.300869888361334,,,,0.0,,0.0,,0.0,0.0,,,,,,,0.0,0.0,0.0,,0.0,
256169871,2024-03-13 12:27:40,300000,100.0,100.0,100.0,,,3.420200253002309,,,,,0.0,0.0,0.0,,0.0,,,5.586460733806598,,,,0.0,0.0,0.0,0.0,0.0,
256169871,2024-03-13 19:36:33,20985925,,,100.0,,,,,,,,,0.0,,0.0,0.0,0.8395275351665233,21.655653488955544,,,,,0.0,0.0,,,,0.0
256169871,2024-03-14 00:08:18,21450625,100.0,100.0,,,4.944843451749467,3.3119796206033056,,,,,0.0,,,0.0,0.0,0.4066727274694194,33.86832062501309,1.8587682347624064,,,,,,0.0,,,0.0
256169871,2024-03-14 08:04:02,29700000,,100.0,,,,,,,,0.0,0.0,0.0,0.0,0.0,0.0,0.0,,,,,,,0.0,,0.0,0.0,0.0
256169871,2024-03-14 11:37:13,12954575,,100.0,100.0,0.0,,,,,,,,0.0,0.0,0.0,,,,,,,,0.0,0.0,,,0.0,0.0
256169871,2024-03-14 12:27:26,27929630,,100.0,100.0,,17.967122245453144,1.4655983296893917,,,,0.0,0.0,0.0,,,0.0,,10.460855537717396,2.8132189798842546,,,,,,0.0,,0.0,0.0
256169871,2024-03-14 16:25:56,29700000,,100.0,100.0,2.589850287792224,,3.9508575239441006,,,,,,0.0,,0.0,,0.0,,,,,,0.0,0.0,,,0.0,
256169871,2024-03-14 17:04:21,6698006,,,,0.0,19.056235276206383,,,,,,0.0,,,,,0.0,,13.741053746295709,,,,0.0,0.0,,0.0,,
256169871,2024-03-14 17:09:21,29700000,,,100.0,1.1334812513429626,17.716588419205415,2.4996298777749333,,,,,0.0,0.0,,,0.0,,33.27245634185509,,,,,0.0,,0.0,,0.0,
256169871,2024-03-14 17:14:21,10297463,100.0,100.0,,,16.00880070027359,3.629345403583855,,,,,,,0.0,,0.0,0.05952809455635322,,6.662165351750211,,,,0.0,0.0,0.0,,0.0,0.0
256169871,2024-03-14 20:51:58,29700000,100.0,100.0,100.0,0.0,,4.467035196435242,,,,,0.0,,,0.0,,,26.829924823535585,7.7516601346175,,,,,0.0,,0.0,,
256169871,2024-03-15 04:46:33,13368609,,100.0,,1.54018729781591,28.030439077848527,,,,,0.0,0.0,,0.0,,0.0,0.0,46.748153485344346,9.348730968764535,,,,0.0,,,0.0,0.0,0.0
256169871,2024-03-15 11:08:27,26211848,100.0,100.0,,0.0,11.822415236975846,1.9830992008790052,,,,,0.0,,0.0,0.0,0.0,0.0,,7.654201683582426,,,,0.0,,0.0,0.0,,0.0
256169871,2024-03-15 18:53:11,16098962,100.0,,100.0,0.0,,,,,,0.0,,,,,0.0,2.8210702903128686,47.37725736023283,,,,,,0.0,0.0,0.0,,
256169871,2024-03-15 23:08:11,300000,,,100.0,0.0,12.399983133403667,3.704782074309937,,,,,,0.0,,0.0,,1.0724015101485271,25.770380734398994,2.234812445231138,,,,0.0,,0.0,0.0,,0.0
256169871,2024-03-16 03:38:14,29700000,100.0,,100.0,0.0,26.0892059401753,,,,,0.0,,0.0,,0.0,0.0,4.549558269609815,31.78802538223149,8.192008435198344,,,,,,,0.0,,0.0
256169871,2024-03-16 04:53:42,300000,100.0,,100.0,,,3.976846681287804,,,,0.0,,0.0,0.0,0.0,,,36.981666646302884,6.698504792507466,,,,0.0,0.0,0.0,,0.0,0.0
256169871,2024-03-16 08:02:17,2535729,,100.0,100.0,1.378190745876438,15.596499723851167,,,,,,,0.0,,0.0,,,,,,,,0.0,0.0,,,,0.0
256169871,2024-03-16 10:05:09,25056122,100.0,100.0,100.0,1.2528939085006663,,,,,,,0.0,0.0,,0.0,,,,,,,,,0.0,,0.0,0.0,
256169871,2024-03-16 17:42:50,27384708,,,100.0,1.7922954119770853,19.285167060809624,,,,,0.0,0.0,,,,0.0,,,4.5321606777315395,,,,0.0,0.0,,0.0,,
256169871,2024-03-16 18:31:55,1647433,,100.0,100.0,3.2508208412850204,,,,,,0.0,0.0,0.0,,0.0,,,,9.685894710659078,,,,0.0,,,0.0,0.0,
256169871,2024-03-16 21:59:58,29700000,100.0,,100.0,2.30068634234874,14.564690885145994,,,,,,0.0,0.0,0.0,,0.0,,,10.240998852695801,,,,0.0,0.0,,,0.0,
256169871,2024-03-17 00:16:39,29700000,,100.0,100.0,,,,,,,,,0.0,,0.0,,,,4.870968761109275,,,,0.0,0.0,0.0,0.0,0.0,
256169871,2024-03-17 02:45:02,19189638,100.0,100.0,100.0,0.7279286339041444,27.545740947986275,5.481074836748284,,,,0.0,,,0.0,,0.0,7.587055412698245,26.050973979024523,7.790513059576369,,,,0.0,,,,,
256169871,2024-03-17 09:11:32,13878733,100.0,100.0,,0.0,10.967804940598914,3.097131971059539,,,,0.0,0.0,,0.0,,0.0,,13.950612027384206,3.8586698775755295,,,,,0.0,,0.0,0.0,
256169871,2024-03-17 09:27:54,22456469,100.0,,100.0,,,,,,,,0.0,0.0,,0.0,,3.828087520208684,,3.619259291048585,,,,0.0,,0.0,0.0,,
256169871,2024-03-17 11:25:54,14757523,100.0,100.0,,1.494153433883039,,6.0681174561400155,,,,,,,,,0.0,1.918106522037999,21.10940204444875,9.618319229536386,,,,,0.0,0.0,0.0,,0.0
256169871,2024-03-17 11:30:54,13825615,100.0,100.0,,,,3.2863287267718513,,,,0.0,,0.0,,,,,,8.410728208491502,,,,,0.0,,0.0,0.0,
256169871,2024-03-17 17:18:17,7880252,,,100.0,0.0,,,,,,,0.0,,,,0.0,0.0,,,,,,0.0,0.0,0.0,0.0,,0.0
256169871,2024-03-17 21:37:46,19945288,,100.0,,0.0,10.03303592091541,0.9455439444155731,,,,,0.0,0.0,0.0,,0.0,,,3.3427344857190766,,,,0.0,,0.0,0.0,0.0,
256169871,2024-03-18 06:02:46,25281452,,100.0,100.0,0.0,14.515834533842593,2.090425450356135,,,,0.0,0.0,0.0,,,0.0,0.0029913094203557478,39.4114415936711,,,,,0.0,,,,0.0,0.0
256169871,2024-03-18 11:01:08,13210533,,100.0,100.0,0.677117352167669,,,,,,,0.0,,,0.0,,0.0,,10.925126428924038,,,,,,0.0,0.0,0.0,
256169871,2024-03-18 15:17:49,766402,100.0,100.0,,,13.518818504115753,,,,,0.0,,0.0,,0.0,,,,,,,,0.0,0.0,,,,0.0
256169871,2024-03-18 16:16:45,14415765,100.0,,100.0,1.2031017750323212,11.412167182778381,3.4394101687533163,,,,,0.0,0.0,,,0.0,0.0,,8.952143173714308,,,,,,0.0,0.0,0.0,0.0
256169871,2024-03-18 22:54:07,25975299,100.0,100.0,,1.7420196319122592,,,,,,,,0.0,0.0,0.0,0.0,2.9638416994626513,34.80692774845557,,,,,,0.0,0.0,,0.0,0.0
256169871,2024-03-19 02:28:17,29700000,100.0,100.0,100.0,,,,,,,0.0,,0.0,,0.0,,,,,,,,0.0,0.0,0.0,0.0,,0.0
256169871,2024-03-19 06:23:51,23889582,,100.0,100.0,,,,,,,,,,0.0,,0.0,,25.559054902096772,,,,,0.0,,0.0,0.0,,
256169871,2024-03-19 08:49:25,20818467,100.0,100.0,100.0,0.14440096724771823,10.243045774391522,2.6139522011728094,,,,,0.0,0.0,0.0,,,3.6347907581740113,,12.291606932658922,,,,,,,,0.0,0.0
256169871,2024-03-19 08:54:25,24171131,,,,,13.456052347607745,2.838686603951362,,,,0.0,,,0.0,,0.0,2.5091988526449134,34.66036467380256,,,,,0.0,,,,0.0,
256169871,2024-03-19 14:28:58,6018458,100.0,,100.0,,2.423092419308375,,,,,,0.0,0.0,,,0.0,,30.247524334408055,,,,,0.0,0.0,0.0,0.0,,0.0
256169871,2024-03-19 20:02:41,1507315,,100.0,,0.3315358071977243,,3.861512503577595,,,,,0.0,0.0,0.0,,0.0,,33.41713263222424,,,,,0.0,0.0,,,0.0,0.0
256169871,2024-03-20 00:50:23,4969475,100.0,100.0,,2.10980848869123,,1.5806629425730532,,,,0.0,0.0,0.0,,0.0,,,21.20533012961801,2.9307941512203524,,,,,,0.0,0.0,0.0,0.0
256169871,2024-03-20 03:39:49,9917899,100.0,,100.0,,13.237668015751463,,,,,0.0,,,,,,,23.576394753496245,,,,,,0.0,0.0,,0.0,
256169871,2024-03-20 05:08:11,12627186,,100.0,,,20.41694480720015,2.440337510258303,,,,0.0,,0.0,0.0,0.0,,,,9.29244021800092,,,,,0.0,,0.0,,0.0
256169871,2024-03-20 13:23:34,18511171,100.0,100.0,100.0,,10.981195497340426,,,,,0.0,,,0.0,,,0.0,57.9659198677695,4.760115220022957,,,,0.0,0.0,0.0,0.0,,0.0
256169871,2024-03-20 20:49:13,300000,100.0,,,,,2.445532102167488,,,,0.0,0.0,0.0,0.0,0.0,0.0,2.1489096553830023,,10.82855900766886,,,,0.0,0.0,,,,0.0
256169871,2024-03-21 03:02:58,23974142,100.0,,100.0,,10.789905210123637,,,,,0.0,,,,,,3.1558891646690928,,4.894539055526691,,,,0.0,,,0.0,,
256169871,2024-03-21 08:04:47,2055028,100.0,,100.0,,,4.183081525426726,,,,0.0,0.0,,,0.0,,0.0,41.70131114396145,5.1259393905543895,,,,,,0.0,0.0,,0.0
256169871,2024-03-21 09:37:31,10646122,100.0,100.0,100.0,,,,,,,,0.0,0.0,0.0,0.0,0.0,0.0,29.196231575791238,,,,,,,,,0.0,
256169871,2024-03-21 11:38:59,19978816,100.0,,,,,,,,,0.0,,,,,0.0,0.0,,6.860793871779043,,,,,,0.0,0.0,0.0,0.0
256169871,2024-03-21 15:34:33,18204359,100.0,100.0,100.0,0.0,5.470247927560569,,,,,,,,0.0,0.0,,3.7410430017443517,40.14527997384143,,,,,,,0.0,,,0.0
256169871,2024-03-21 20:16:20,29700000,100.0,100.0,,,23.328509326124106,2.1259678417035524,,,,0.0,0.0,0.0,0.0,0.0,0.0,,35.160853466734686,0.7913530948061931,,,,0.0,,0.0,,0.0,
256169871,2024-03-22 00:11:55,9687602,100.0,100.0,100.0,0.7924454272105708,4.27646493288473,,,,,,0.0,0.0,,0.0,0.0,,31.448063922227533,7.832651209110462,,,,0.0,0.0,,0.0,0.0,
256169871,2024-03-22 04:47:31,17780518,,100.0,100.0,,,3.572480808021973,,,,0.0,0.0,0.0,,0.0,0.0,0.6286789400671515,,,,,,0.0,0.0,0.0,,,
256169871,2024-03-22 13:12:31,29700000,100.0,100.0,,,15.185692106314598,,,,,,0.0,,0.0,,0.0,5.456112942271948,,3.1477004924053276,,,,0.0,,,,0.0,
256169871,2024-03-22 13:17:31,29700000,100.0,,,,7.869426233177293,,,,,,0.0,,0.0,0.0,0.0,2.6695946978776277,22.433229480671738,,,,,,0.0,0.0,0.0,,
256169871,2024-03-22 16:12:16,27223726,100.0,100.0,100.0,0.0,13.386502888091423,5.572127260404182,,,,0.0,0.0,0.0,0.0,,,4.701900947776043,,,,,,,,0.0,,,
256169871,2024-03-22 18:58:25,18336408,100.0,,,,,0.31830759558287003,,,,0.0,0.0,0.0,,0.0,,,17.194625993022697,2.707859093157542,,,,0.0,,,0.0,,0.0
256169871,2024-03-23 00:00:13,2837381,100.0,100.0,100.0,,,1.5122839691238525,,,,0.0,,0.0,0.0,0.0,0.0,,,,,,,0.0,,,,0.0,0.0
256169871,2024-03-23 00:05:13,20836190,100.0,100.0,100.0,,17.386136993919003,,,,,,,,0.0,,0.0,,,,,,,0.0,,,0.0,0.0,0.0
256169871,2024-03-23 04:10:20,300000,,,100.0,0.8930936812836863,,3.958616567933778,,,,,,0.0,0.0,0.0,0.0,,,,,,,,,0.0,0.0,,0.0
256169871,2024-03-23 08:05:54,6673856,,,,,,,,,,0.0,,,0.0,,,0.0,,6.247096045567992,,,,0.0,,,0.0,,0.0
256169871,2024-03-23 10:40:58,9897147,100.0,,,,,,,,,,0.0,0.0,0.0,,,0.0,54.09445424759999,7.848303146422345,,,,,0.0,0.0,,0.0,0.0
256169871,2024-03-23 11:36:06,19371510,100.0,100.0,100.0,,10.406501508430384,,,,,,0.0,0.0,,,,3.8944042584463197,8.240603533494493,8.006751560725318,,,,,,,0.0,,0.0
256169871,2024-03-23 17:28:11,27067849,100.0,100.0,,0.3645300326923748,,0.8116714768001896,,,,,0.0,0.0,,,0.0,,45.68947060536817,11.089765610433544,,,,,0.0,0.0,,,0.0
256169871,2024-03-23 17:55:29,11694380,,100.0,100.0,,18.73441475333122,,,,,0.0,,0.0,0.0,,,0.97775238248319,27.19501201799123,4.633187200333237,,,,0.0,0.0,,0.0,,0.0
256169871,2024-03-23 18:48:48,29700000,100.0,100.0,,,17.76751827091526,3.8874628101148114,,,,,,,0.0,,0.0,,28.204601160414256,,,,,0.0,,,0.0,0.0,0.0
256169871,2024-03-23 20:59:10,5448553,100.0,,100.0,,,,,,,0.0,0.0,,0.0,,0.0,,,,,,,,0.0,0.0,0.0,,0.0
256169871,2024-03-24 01:58:49,300000,100.0,,,0.09621271508670887,,,,,,0.0,,0.0,0.0,,0.0,,,,,,,0.0,,,,,
256169871,2024-03-24 09:21:43,18336408,,,,,,,,,,,0.0,,,0.0,,,34.64140009474607,,,,,0.0,0.0,0.0,,,0.0
256169871,2024-03-24 10:52:55,16557013,100.0,,100.0,0.0,14.353751226811362,2.312496540694303,,,,,0.0,0.0,,0.0,,0.0,,0.0149592257215576,,,,0.0,,,,,
256169871,2024-03-24 15:25:17,300000,100.0,,,,20.314400082383187,,,,,0.0,0.0,0.0,,0.0,0.0,0.5957164754984761,,10.187945650114973,,,,,,,0.0,0.0,0.0
256169871,2024-03-24 15:34:29,28458171,100.0,100.0,100.0,,10.961654231799333,,,,,,0.0,0.0,0.0,0.0,0.0,0.45249856846796627,,8.47423303970346,,,,,,,,,0.0
256169871,2024-03-24 19:14:08,15006350,,100.0,,,,,,,,0.0,,0.0,,,0.0,0.4705633835139469,17.624870166616986,,,,,,0.0,0.0,0.0,0.0,0.0
256169871,2024-03-24 20:59:23,7640408,,100.0,100.0,,,6.341752173634196,,,,0.0,,0.0,0.0,,0.0,,,6.012680147840169,,,,,0.0,,0.0,,
256169871,2024-03-24 21:04:23,1144768,100.0,,100.0,2.0131137197918854,16.88214729065093,6.054598331810119,,,,,0.0,0.0,0.0,,0.0,0.0,,5.9709069820875555,,,,,0.0,,,,0.0
256169871,2024-03-25 01:03:14,20342184,,100.0,100.0,,16.83709193601586,4.906442240816956,,,,0.0,0.0,0.0,0.0,,0.0,5.995838469628818,,7.867633823818011,,,,,0.0,,0.0,,0.0
256169871,2024-03-25 02:39:07,22161245,,,100.0,,,1.4870116988155397,,,,0.0,,,,,,,,3.3574343773498625,,,,0.0,,0.0,0.0,0.0,
256169871,2024-03-25 05:24:42,21740478,100.0,100.0,,,9.144393035293493,,,,,0.0,,0.0,0.0,0.0,0.0,,4.741086102627747,,,,,,0.0,0.0,0.0,,
256169871,2024-03-25 07:31:20,300000,,,,0.0,11.155215819861024,3.7419980986303387,,,,,,0.0,0.0,,0.0,,26.79008833539335,,,,,0.0,,0.0,0.0,0.0,
256169871,2024-03-25 08:11:20,29700000,100.0,100.0,100.0,0.2683854201798628,,0.0094705516942643,,,,,0.0,,0.0,0.0,0.0,1.300072520599789,12.721943923024256,,,,,,,,0.0,0.0,
256169871,2024-03-25 13:45:52,300000,,,100.0,1.03472359970344,,4.296807459059792,,,,,,0.0,,0.0,0.0,,,1.2020059196811808,,,,0.0,0.0,,0.0,0.0,0.0
256169871,2024-03-25 18:00:18,19136726,100.0,,100.0,0.920469623389222,18.55999092505607,,,,,0.0,0.0,,,,0.0,,,8.455074911323946,,,,0.0,,,,,0.0
256169871,2024-03-25 18:20:49,9575569,100.0,,100.0,0.09368254707280044,,3.168698025591039,,,,,0.0,0.0,,0.0,0.0,1.4613732942463864,18.27181288492981,,,,,0.0,,0.0,0.0,,0.0
256169871,2024-03-25 20:30:19,29700000,100.0,100.0,100.0,0.0,6.180408263728054,2.6664301970021094,,,,0.0,0.0,0.0,,0.0,,,,,,,,0.0,,,0.0,,
256169871,2024-03-25 20:36:37,8574406,100.0,100.0,100.0,0.42927960220413225,,,,,,0.0,,,,,0.0,,,,,,,0.0,,0.0,,,0.0
256169871,2024-03-26 01:10:54,14097275,100.0,,100.0,0.7008790633376579,15.696446038886208,,,,,,,0.0,0.0,0.0,0.0,,,,,,,0.0,0.0,,,0.0,0.0
256169871,2024-03-26 06:50:29,642154,100.0,100.0,100.0,0.0,2.190432388410777,4.51377427067124,,,,0.0,0.0,,0.0,,,1.4816758325831922,7.810236941500662,7.998362121338037,,,,,,,0.0,,0.0
256169871,2024-03-26 11:02:21,1177234,100.0,,100.0,,13.452423345777285,,,,,0.0,,0.0,0.0,0.0,0.0,1.696911035514289,,,,,,0.0,,,,0.0,
256169871,2024-03-26 13:23:56,28509159,,100.0,100.0,0.0,12.928035998223114,1.8970009125253737,,,,,,0.0,,0.0,,0.0,40.95846516658837,8.124065994070653,,,,,,,0.0,0.0,0.0
256169871,2024-03-26 17:24:21,21571559,100.0,100.0,,,14.1614009401262,1.1986508520896213,,,,,,,0.0,0.0,0.0,0.0,23.395952600787854,,,,,0.0,0.0,,0.0,,0.0
256169871,2024-03-26 19:17:21,437711,100.0,,,0.0,19.565285733144318,5.719321370711565,,,,0.0,0.0,0.0,,,0.0,,,7.591090367879025,,,,,0.0,0.0,,,
256169871,2024-03-26 20:20:20,6606545,100.0,,,,8.831371304230991,,,,,0.0,,,0.0,0.0,0.0,2.309684781956865,,,,,,0.0,0.0,0.0,0.0,0.0,0.0
256169871,2024-03-26 21:04:48,29700000,100.0,100.0,,0.0,,5.714256899118876,,,,0.0,,0.0,0.0,0.0,,1.797012744455588,,7.449450475703426,,,,0.0,,0.0,,0.0,0.0
256169871,2024-03-27 05:29:48,7817933,,100.0,,0.0,,,,,,0.0,,0.0,0.0,,,1.2945396762141377,,7.2685844611084685,,,,0.0,0.0,0.0,,,0.0
256169871,2024-03-27 05:34:48,26560261,100.0,100.0,100.0,,11.891085062107114,5.15206935214426,,,,0.0,,0.0,0.0,,0.0,2.6182881987738744,21.6305825431582,,,,,0.0,,0.0,0.0,,
256169871,2024-03-27 09:48:16,959365,100.0,,,0.6049957276071626,,,,,,,,0.0,,,,,21.714330425609283,,,,,0.0,,0.0,0.0,,
256169871,2024-03-27 16:13:32,1479210,,100.0,100.0,,,5.466996260804977,,,,,,,0.0,0.0,0.0,0.0,42.24703182337932,,,,,,0.0,0.0,0.0,,
256169871,2024-03-27 20:42:17,300000,,,,,7.7452566190694805,4.103143779572486,,,,0.0,0.0,0.0,0.0,,,5.013524454834448,,7.23063000764619,,,,,,,0.0,0.0,
256169871,2024-03-28 02:07:52,15058972,100.0,100.0,100.0,,,4.059649704005689,,,,,,,,,0.0,,35.59024798815033,,,,,,,0.0,,,
256169871,2024-03-28 04:35:55,29700000,100.0,,,0.0,,3.467284150559805,,,,,0.0,0.0,,0.0,,,16.79108015947422,,,,,,0.0,,0.0,,0.0
256169871,2024-03-28 08:05:16,15585542,,,100.0,1.0238000141587318,,,,,,,,,0.0,0.0,0.0,0.0,,,,,,0.0,0.0,,0.0,0.0,0.0
256169871,2024-03-28 08:10:16,29700000,100.0,,,,14.113889750377442,,,,,,0.0,,0.0,0.0,0.0,0.0,,,,,,0.0,0.0,0.0,0.0,,0.0
256169871,2024-03-28 09:24:30,29700000,100.0,,,,,,,,,0.0,0.0,,,0.0,,,19.010179033737792,,,,,,,,0.0,,0.0
256169871,2024-03-28 13:20:04,5243572,,100.0,,,2.8588410988082096,1.7747976731463948,,,,0.0,,,,0.0,0.0,0.0,24.98382796409812,4.317453132241283,,,,0.0,,,0.0,,
256169871,2024-03-28 21:45:04,26771990,,100.0,100.0,0.0,16.8365531803547,5.564595941910989,,,,,0.0,,,0.0,,,33.08647026218557,7.781652908449251,,,,0.0,,0.0,,,0.0
256169871,2024-03-28 21:50:04,14234316,,100.0,,,18.883660475312062,4.867020267704229,,,,0.0,0.0,,0.0,0.0,0.0,,23.50519604110742,,,,,0.0,0.0,,0.0,,0.0
256169871,2024-03-29 00:51:55,29700000,,100.0,,0.5557344674723194,,2.5138691167456826,,,,0.0,0.0,0.0,0.0,0.0,0.0,,,,,,,0.0,,,0.0,0.0,0.0
256169871,2024-03-29 07:51:38,4747381,100.0,100.0,,,17.671037148246118,4.634735001488297,,,,,0.0,0.0,,0.0,,,,,,,,0.0,0.0,0.0,0.0,0.0,0.0
256169871,2024-03-29 11:37:06,23298339,,,,0.20615170943394928,13.762234447033785,1.6398642796615612,,,,,,0.0,0.0,,,7.964784471409095,0.768567685677,,,,,,0.0,0.0,0.0,0.0,0.0
256169871,2024-03-29 17:35:01,15063961,100.0,100.0,,1.9027388804424705,6.8952564473372275,3.790002782715501,,,,0.0,0.0,0.0,0.0,,,3.714765042741774,,,,,,,,0.0,,,0.0
256169871,2024-03-29 21:59:26,17124538,100.0,,100.0,,14.71459939286827,,,,,0.0,,,0.0,0.0,0.0,0.615554731419509,21.91193255607181,,,,,0.0,0.0,0.0,,,
256169871,2024-03-30 06:24:26,3884935,100.0,,,0.0,,,,,,0.0,0.0,0.0,,,,,,3.414387657048792,,,,,,0.0,0.0,0.0,0.0
256169871,2024-03-30 13:39:28,18336408,100.0,,100.0,0.3150644213867428,,,,,,,,,,0.0,0.0,4.014350914444317,40.45002217394047,6.285636727210591,,,,0.0,,0.0,0.0,0.0,0.0
256169871,2024-03-30 15:32:40,300000,,100.0,,,,,,,,,0.0,,,,,,25.221323083502675,8.132873528246533,,,,,0.0,0.0,0.0,0.0,
256169871,2024-03-30 20:45:04,27537305,100.0,100.0,,2.0215048673734026,10.809599269299797,3.2573301187158923,,,,0.0,0.0,0.0,0.0,0.0,,,27.60454254894464,6.720841320593648,,,,0.0,0.0,0.0,0.0,0.0,0.0
256169871,2024-03-31 03:18:53,7979386,,,100.0,1.497492794596375,,,,,,0.0,,,0.0,0.0,,,,,,,,0.0,,,0.0,,0.0
256169871,2024-03-31 10:36:24,2188476,,100.0,100.0,,,,,,,0.0,0.0,,,,,0.0,,11.375279515474894,,,,0.0,0.0,0.0,0.0,0.0,0.0
256169871,2024-03-31 14:46:34,29700000,100.0,,100.0,,,4.491492675675818,,,,0.0,0.0,0.0,0.0,0.0,0.0,4.204866361359347,22.229708463394935,7.893263343143997,,,,0.0,0.0,0.0,,,
256169871,2024-03-31 16:19:52,29700000,100.0,,100.0,,17.39934497348644,,,,,0.0,0.0,0.0,,0.0,0.0,,,,,,,0.0,0.0,0.0,0.0,,
256169871,2024-03-31 20:08:43,24344067,,100.0,100.0,,,,,,,0.0,0.0,0.0,0.0,0.0,0.0,0.4179739869417459,31.01567357431398,3.1476799890863,,,,,,,0.0,0.0,
256169871,2024-03-31 23:05:20,23705345,100.0,,100.0,0.18503979555304373,15.187532565828041,3.173460432163292,,,,0.0,0.0,,,0.0,,0.0,21.579187361095467,4.840720560387473,,,,,,,,0.0,
256169871,2024-04-01 03:12:26,22839952,100.0,100.0,,3.324650912219162,12.193575252176377,3.831803261971828,,,,0.0,0.0,0.0,0.0,,,,,13.195802313649374,,,,,,,0.0,0.0,0.0
256169871,2024-04-01 07:56:48,300000,,100.0,100.0,0.0,,3.2505417023558185,,,,0.0,,0.0,,0.0,,,,,,,,0.0,0.0,0.0,,0.0,
256169871,2024-04-01 11:02:02,14106591,,100.0,100.0,0.0,12.640181255626997,,,,,,,0.0,,0.0,,,31.8178042999749,13.111411146589047,,,,0.0,0.0,0.0,0.0,,0.0
256169871,2024-04-01 16:08:33,29700000,,,100.0,,,,,,,,,0.0,,0.0,0.0,2.7795239074205256,,9.256108583712553,,,,,,0.0,0.0,0.0,
256169871,2024-04-02 00:23:24,12711320,100.0,,100.0,,20.056294709327553,,,,,0.0,0.0,,,0.0,0.0,3.3651628632758697,43.01878737664451,,,,,,,,,0.0,0.0
256169871,2024-04-02 06:18:03,24347117,,,100.0,,14.835180243522816,,,,,,,0.0,0.0,0.0,0.0,0.0,30.75163281683577,11.317505114903113,,,,0.0,,0.0,0.0,0.0,
256169871,2024-04-02 12:55:57,24296653,,,100.0,,,,,,,0.0,0.0,,,0.0,0.0,,21.682462262382764,7.115120483945104,,,,0.0,0.0,0.0,,,0.0
256169871,2024-04-02 13:32:35,21261786,,100.0,100.0,0.0,,2.9948033697879413,,,,,,,0.0,,0.0,2.4314813347825948,,,,,,,,,0.0,,0.0
256169871,2024-04-02 14:49:50,29100617,,100.0,100.0,1.23713214715922,15.526669258684239,,,,,,,0.0,,0.0,0.0,0.0,,,,,,0.0,0.0,0.0,,,0.0
256169871,2024-04-02 19:20:04,15445497,100.0,100.0,,,12.317162047305036,,,,,0.0,0.0,0.0,0.0,0.0,0.0,2.961638767025456,,9.879040422398798,,,,,,0.0,0.0,,0.0
256169871,2024-04-02 22:07:10,29700000,100.0,,,0.0,,,,,,,,,0.0,,,3.3026010957668244,30.97083398315405,,,,,0.0,0.0,0.0,0.0,,
256169871,2024-04-03 03:05:29,18340702,100.0,100.0,100.0,,,3.8881993616353316,,,,,,,,,0.0,2.8337007129853116,,,,,,0.0,0.0,,,0.0,0.0
256169871,2024-04-03 05:15:03,17126648,100.0,100.0,100.0,,10.149803713588309,0.11551570991481697,,,,,,0.0,0.0,0.0,0.0,,,6.6369079568570974,,,,,,,,0.0,
256169871,2024-04-03 07:03:51,2891529,,100.0,,0.08386991008279093,16.123112982952772,4.230973093894541,,,,0.0,0.0,,0.0,0.0,0.0,,,,,,,,0.0,0.0,0.0,,0.0
256169871,2024-04-03 10:01:41,22188409,100.0,,,0.0,14.14441749537026,,,,,0.0,0.0,,,,0.0,,,,,,,0.0,0.0,0.0,,0.0,0.0
256169871,2024-04-03 16:43:02,29700000,,100.0,100.0,,,,,,,0.0,0.0,,,,,0.0,27.786768222164557,9.28306896606576,,,,0.0,,,0.0,,0.0
256169871,2024-04-03 21:43:42,29424435,100.0,,,0.0,12.87984745608339,3.2730785471498605,,,,,,,,0.0,0.0,0.0,,,,,,0.0,,,0.0,,0.0
256169871,2024-04-03 21:48:42,5342956,,100.0,100.0,0.0,14.064179506540556,,,,,0.0,0.0,0.0,,0.0,,0.0,19.53139891179255,5.5282992404527,,,,0.0,,0.0,,0.0,
256169871,2024-04-04 04:36:12,300000,,100.0,,,14.847486710043832,,,,,,,,0.0,0.0,0.0,,31.122844676586734,10.480656220134893,,,,,0.0,0.0,,0.0,0.0
256169871,2024-04-04 11:10:14,19403020,100.0,100.0,100.0,0.0,15.677043491198043,3.399730316875137,,,,0.0,0.0,,,0.0,,,,,,,,0.0,0.0,,,0.0,
256169871,2024-04-04 17:06:46,7101723,,100.0,100.0,0.0,,5.078379413677829,,,,0.0,,,,,0.0,0.0,19.433502715430635,5.782400825604588,,,,0.0,,,0.0,0.0,
256169871,2024-04-04 22:31:50,18791091,,,,,11.952013615057474,1.3660669864848503,,,,,,,,,0.0,2.4929151461950156,41.6408561442598,,,,,0.0,0.0,,0.0,,0.0
256169871,2024-04-05 00:36:59,29700000,,,,2.356959151538822,11.307812393977516,1.7008048179303088,,,,0.0,0.0,,,0.0,,,37.196445019901304,,,,,0.0,0.0,,0.0,0.0,
256169871,2024-04-05 04:25:29,11620973,100.0,100.0,100.0,0.0,17.97824660127082,,,,,0.0,0.0,0.0,0.0,0.0,,,,,,,,,0.0,0.0,0.0,0.0,
256169871,2024-04-05 10:06:15,23035402,100.0,,,0.0,,1.851925609134559,,,,0.0,,,,0.0,0.0,3.956217229126718,25.375975189325498,,,,,,0.0,,0.0,,0.0
256169871,2024-04-05 16:01:53,18336408,,100.0,100.0,0.0,19.138356653135084,2.4976859029592724,,,,0.0,0.0,,0.0,0.0,,5.318095062386512,,,,,,0.0,0.0,0.0,,,0.0
256169871,2024-04-05 21:16:25,18336408,,100.0,,0.22113424435448334,12.65598591100319,3.5726367342395466,,,,0.0,0.0,,0.0,,0.0,0.0,,,,,,,,,0.0,0.0,0.0
256169871,2024-04-06 01:49:20,29700000,100.0,,,0.0,,0.0094705516942643,,,,,,0.0,,,0.0,0.20629202882477327,34.542142742752866,9.17753863006039,,,,0.0,0.0,,,0.0,0.0
256169871,2024-04-06 10:14:20,29700000,,100.0,100.0,0.0,26.541870853846362,1.9881285274344414,,,,0.0,0.0,0.0,,0.0,0.0,1.9709535845551076,23.459417980223726,4.471478758304929,,,,,,0.0,,0.0,0.0
256169871,2024-04-06 12:12:08,5183255,,,100.0,0.0,11.012878450952972,0.0094705516942643,,,,0.0,0.0,,0.0,,,0.0,8.03143757267512,,,,,,0.0,,0.0,0.0,0.0
256169871,2024-04-06 15:05:29,29700000,100.0,,100.0,0.0,10.351758547739681,,,,,0.0,,,,0.0,,0.0,37.68422070484452,5.296420535819023,,,,0.0,0.0,,0.0,0.0,
256169871,2024-04-06 18:34:22,29570518,,100.0,100.0,0.6557087824474126,,3.429806249389755,,,,0.0,0.0,,,,0.0,,39.93045451624318,,,,,0.0,0.0,,0.0,0.0,0.0
256169871,2024-04-06 18:39:22,28675752,100.0,100.0,,2.6159901982936358,8.204927192307228,,,,,,,,,0.0,,,20.39078378123979,,,,,0.0,0.0,0.0,,,0.0
256169871,2024-04-06 20:58:41,28542039,100.0,,100.0,1.0464209136750193,5.117026578706099,,,,,,0.0,0.0,,,0.0,,17.505959953097133,8.11437323527147,,,,0.0,,0.0,,0.0,
256169871,2024-04-06 23:39:22,300000,,100.0,,0.0,16.778908772572475,,,,,,0.0,,0.0,,0.0,,24.90830137605272,3.0226821222064535,,,,0.0,0.0,0.0,0.0,0.0,
256169871,2024-04-07 02:41:58,29700000,100.0,100.0,,0.7199723437494643,,,,,,,0.0,0.0,,0.0,,2.0699111016680884,,6.663805779384478,,,,0.0,0.0,,,,0.0
256169871,2024-04-07 11:06:58,13331076,,100.0,,,15.729495567346964,5.5335808051582545,,,,0.0,,0.0,0.0,,,,32.17412766393598,4.836251824951289,,,,,,0.0,,,
256169871,2024-04-07 12:43:19,300000,,100.0,,,,0.17067979073414952,,,,,0.0,,,0.0,,0.0,46.9072580254051,,,,,0.0,0.0,,,,
256169871,2024-04-07 14:22:08,11456418,100.0,,100.0,3.6346814106620142,16.76163737989838,2.9255925408013845,,,,0.0,0.0,,,,,,,8.711768313623232,,,,0.0,,0.0,,0.0,0.0
256169871,2024-04-07 18:23:07,17730937,,100.0,,0.0,19.758604972957066,4.897473801106576,,,,,0.0,,,,0.0,,,5.38276248252222,,,,0.0,,,0.0,0.0,0.0
256169871,2024-04-07 22:07:18,14813919,,100.0,100.0,,14.198953265392852,1.759409167549292,,,,0.0,0.0,0.0,,,,,,,,,,0.0,,,,0.0,0.0
256169871,2024-04-08 00:40:25,29700000,,100.0,,2.3119574364927,,,,,,0.0,,0.0,,0.0,,0.0,,7.606468598233292,,,,0.0,,0.0,,0.0,0.0
256169871,2024-04-08 05:40:07,25551284,100.0,100.0,,0.0,18.631348204591028,4.546297177338496,,,,,0.0,,0.0,0.0,0.0,1.3510163403135997,,7.461080427608774,,,,,,0.0,,,
256169871,2024-04-08 05:45:07,13770966,,100.0,100.0,,,5.3222545329439885,,,,,,0.0,0.0,0.0,0.0,0.0,,5.44324665608279,,,,0.0,,0.0,,0.0,
256169871,2024-04-08 09:34:59,10549456,100.0,,,0.7676685770335219,,2.742825107927573,,,,0.0,,,0.0,0.0,0.0,2.589395920749076,,,,,,0.0,0.0,0.0,0.0,,0.0
256169871,2024-04-08 14:45:23,28471601,,,100.0,,15.805886570970147,,,,,,0.0,,0.0,0.0,0.0,0.0,,6.30776552096212,,,,,,,0.0,0.0,0.0
256169871,2024-04-08 16:04:41,5302342,,,100.0,1.0288048101287788,,,,,,,,,0.0,0.0,,4.279896682516579,22.698505016045342,2.416806327643549,,,,0.0,0.0,0.0,,0.0,
256169871,2024-04-08 18:42:22,28743193,100.0,,,0.0,17.01915238609169,,,,,,,,,0.0,,,,6.945225520543051,,,,0.0,0.0,,0.0,,0.0
256169871,2024-04-08 23:01:09,29700000,,100.0,100.0,2.243897635594448,,,,,,0.0,,0.0,,,,,26.55554795099595,5.5438871975281,,,,0.0,,,,,0.0
256169871,2024-04-09 07:26:09,22207297,,,100.0,0.45941830842538284,13.876069453600229,3.2141458185603557,,,,,,0.0,,,,0.6979102057718801,,2.638281203552502,,,,0.0,0.0,0.0,0.0,,0.0
256169871,2024-04-09 11:32:57,29700000,100.0,100.0,,2.0290057231583987,,,,,,,,0.0,0.0,,0.0,,32.30609234444347,,,,,0.0,0.0,0.0,0.0,0.0,
256169871,2024-04-09 16:22:44,11478444,100.0,100.0,,,8.29637571287078,,,,,,0.0,0.0,0.0,,,2.50331700106443,35.00598006611269,,,,,,,0.0,0.0,0.0,0.0
256169871,2024-04-09 20:18:18,26374089,,,,,,,,,,,,0.0,,0.0,,4.262418245945721,18.24042669064694,2.341586319886911,,,,,0.0,0.0,,,
256169871,2024-04-10 00:29:28,14514337,100.0,100.0,100.0,1.4569451327606104,,6.060159137398296,,,,,,0.0,,0.0,0.0,,,10.21326848425334,,,,,,0.0,0.0,0.0,
256169871,2024-04-10 02:06:59,14015914,,100.0,,,,0.8511811929651056,,,,0.0,,0.0,0.0,0.0,,,,3.635688872315863,,,,0.0,,,0.0,,
256169871,2024-04-10 06:19:45,18406268,100.0,,100.0,,18.4933790200724,,,,,0.0,,,,,0.0,1.765383219725745,16.180597578479873,,,,,,0.0,0.0,,0.0,
256169871,2024-04-10 11:42:32,26417660,,100.0,,,26.224604356484175,1.5984457337182365,,,,0.0,0.0,0.0,0.0,0.0,,,,4.496691665009958,,,,0.0,0.0,,,0.0,
256169871,2024-04-10 15:38:06,8573364,,100.0,,0.22685285093430096,12.71332534350581,,,,,0.0,0.0,,0.0,,0.0,0.0,,,,,,,,0.0,0.0,,
256169871,2024-04-10 23:57:00,20945215,100.0,,,,,3.120959051137011,,,,0.0,0.0,0.0,,0.0,,2.7670435126747877,44.480786662679094,,,,,0.0,0.0,0.0,,,0.0
256169871,2024-04-11 03:12:29,6128616,100.0,100.0,100.0,0.0,,4.781674370046069,,,,,,,,,,,,7.085283121566159,,,,0.0,0.0,0.0,,0.0,0.0
256169871,2024-04-11 03:17:29,8753052,,100.0,,,,4.05722953784344,,,,0.0,,,0.0,0.0,,,36.846895117351316,9.796862378653715,,,,,0.0,0.0,,0.0,
256169871,2024-04-11 09:52:45,19820023,100.0,100.0,,1.839197398851147,,,,,,,,0.0,0.0,,0.0,0.0,,7.997337696470494,,,,,0.0,0.0,,,
256169871,2024-04-11 13:25:55,22085457,,,100.0,,16.126490558674792,,,,,0.0,0.0,0.0,0.0,0.0,0.0,,,,,,,0.0,,,,,0.0
256169871,2024-04-11 17:30:45,13083738,100.0,,,,7.725335919401251,2.5720525029337624,,,,0.0,0.0,,,0.0,,0.8397414073614677,22.575816953594135,,,,,,,,0.0,0.0,0.0
256169871,2024-04-11 17:35:45,27369686,100.0,,100.0,,23.94565607795203,,,,,,,0.0,,,,1.281153254395981,,,,,,0.0,,,0.0,0.0,0.0
256169871,2024-04-11 18:56:26,9434832,,100.0,,0.0,,,,,,0.0,0.0,,,,,0.0,,,,,,,0.0,,0.0,,
256169871,2024-04-12 02:41:43,24130367,100.0,100.0,,0.8229558744766603,12.174538266830053,,,,,0.0,0.0,0.0,,0.0,0.0,,31.679193712892207,7.013184003047601,,,,,0.0,,,0.0,
256169871,2024-04-12 07:30:37,21411048,,,,0.443616336553789,8.759734957015432,5.217616400652924,,,,0.0,0.0,,,0.0,0.0,0.0,54.213138457920685,,,,,,,,,0.0,
256169871,2024-04-12 07:35:37,29700000,100.0,100.0,,,24.648872361599274,3.805160843259665,,,,0.0,,0.0,,0.0,0.0,1.3569057604306622,8.549685166231882,8.035827737385375,,,,,0.0,0.0,0.0,0.0,
256169871,2024-04-12 10:08:36,22428369,100.0,100.0,,1.0191107116590943,,,,,,,0.0,0.0,0.0,,0.0,1.6067607924793634,19.211624074658708,,,,,0.0,,0.0,,,
256169871,2024-04-12 13:33:42,9663363,100.0,,100.0,0.0,,2.3338716567186797,,,,0.0,0.0,0.0,,,0.0,,,6.206335478220289,,,,0.0,,0.0,,,
256169871,2024-04-12 19:11:05,14470712,100.0,100.0,100.0,0.0,6.168246787962875,,,,,0.0,,0.0,,0.0,,0.0,,,,,,0.0,,,0.0,0.0,
256169871,2024-04-12 20:15:03,22022054,,100.0,100.0,,,,,,,,,0.0,0.0,0.0,0.0,1.3958552807641853,20.778132718848713,4.722166540838778,,,,0.0,,,0.0,,0.0
256169871,2024-04-13 01:14:47,300000,100.0,,,,8.386166555091814,6.015610531402501,,,,0.0,0.0,,0.0,0.0,0.0,3.661051626932701,26.31225122674032,7.483873201584766,,,,,,,,0.0,0.0
256169871,2024-04-13 08:57:12,22797010,100.0,,,0.0,17.954945265927932,,,,,0.0,0.0,0.0,,0.0,0.0,0.0,45.42082471167988,,,,,0.0,0.0,0.0,0.0,0.0,
256169871,2024-04-13 14:01:44,3673999,,100.0,100.0,2.439296638625524,13.190833808649398,,,,,,0.0,,,0.0,0.0,,,5.26247086844295,,,,0.0,0.0,,,0.0,0.0
256169871,2024-04-13 19:34:55,14390942,,,100.0,,,2.341782159083184,,,,0.0,0.0,0.0,0.0,,,0.0,10.570866019197734,,,,,0.0,,,0.0,0.0,0.0
256169871,2024-04-13 23:11:09,15661260,,,100.0,,7.87471097538027,,,,,0.0,0.0,0.0,,0.0,,2.372283171417099,,,,,,0.0,,0.0,,,0.0
256169871,2024-04-14 07:36:09,19822485,,100.0,,,,,,,,0.0,0.0,,0.0,,0.0,,34.22431247481177,6.2561136770069155,,,,0.0,,,,0.0,0.0
256169871,2024-04-14 11:13:50,29700000,,,100.0,,,4.785174648399124,,,,,,0.0,,0.0,0.0,,32.47676328307924,,,,,,0.0,,,0.0,0.0
256169871,2024-04-14 15:39:10,23288029,,,100.0,1.3326599262884622,,3.363705543267763,,,,,0.0,0.0,,,,,,8.65980660399568,,,,0.0,0.0,,0.0,,0.0
256169871,2024-04-14 15:44:10,12512998,100.0,100.0,100.0,0.9691500713063479,10.859991997323222,,,,,,0.0,,0.0,,0.0,,,9.314272053289972,,,,,,,0.0,0.0,0.0
256169871,2024-04-14 15:49:10,21478753,100.0,,,0.0,12.263412143243844,,,,,,0.0,0.0,,,,1.4136126545299332,31.59613753720218,7.142109675931824,,,,0.0,0.0,,,0.0,0.0
256169871,2024-04-14 15:54:10,21917214,100.0,100.0,100.0,,10.037388397547954,,,,,,,0.0,0.0,,,0.0,,,,,,,,0.0,0.0,,0.0
256169871,2024-04-14 18:43:57,300000,,,,1.8804345356715817,,2.4966545037027523,,,,0.0,0.0,0.0,,,0.0,4.367556938053571,17.657280223877848,,,,,,0.0,0.0,,,0.0
256169871,2024-04-14 22:15:36,29700000,,,,0.0,,3.624725788668059,,,,,,,,0.0,0.0,,15.354173221055076,6.125255967724776,,,,,,0.0,,,
256169871,2024-04-15 06:40:36,15144102,,,100.0,0.0,18.865754448460812,,,,,0.0,,0.0,0.0,0.0,,4.223387791100071,,9.320103147815736,,,,0.0,0.0,,0.0,0.0,0.0
256169871,2024-04-15 12:23:23,17866378,100.0,100.0,100.0,0.0,16.66980146933083,1.885377348929209,,,,,,0.0,,0.0,,,,9.852429337552874,,,,,0.0,0.0,,,
256169871,2024-04-15 16:18:58,29700000,,,100.0,,,,,,,,0.0,,,0.0,,2.4899559704657643,15.531916176464449,8.620202837612915,,,,0.0,0.0,,,0.0,
256169871,2024-04-15 20:57:20,19286979,,100.0,100.0,,13.327177444328205,,,,,,0.0,,0.0,,0.0,,,,,,,0.0,,,,,0.0
256169871,2024-04-15 23:50:22,29700000,,100.0,100.0,0.0,,,,,,,0.0,0.0,0.0,,,0.5716488343599172,35.881254929427904,,,,,0.0,,,0.0,,0.0
256169871,2024-04-16 02:30:30,1655941,,100.0,100.0,1.8747782937373119,16.498473293141306,5.266071485126212,,,,0.0,,0.0,0.0,0.0,0.0,0.0,41.83643023843899,12.361126523670102,,,,,,,,,
256169871,2024-04-16 02:35:30,29700000,,,100.0,0.0,14.381958392972003,,,,,,0.0,,,,,0.0,36.70942781539163,10.73057265792582,,,,0.0,,0.0,0.0,,
256169871,2024-04-16 06:58:37,14572875,100.0,100.0,,,,3.296089057988067,,,,0.0,0.0,0.0,0.0,,0.0,3.0928503352092243,21.238549175603126,,,,,,0.0,,,0.0,
256169871,2024-04-16 08:42:13,585046,,,,,,,,,,,0.0,0.0,,0.0,,8.135675191267243,,6.435752796458935,,,,0.0,0.0,,0.0,,
256169871,2024-04-16 14:09:11,24993812,100.0,100.0,100.0,1.1293654500555612,,0.8544673734891819,,,,,,0.0,,,0.0,,16.447658881555903,,,,,0.0,0.0,0.0,,0.0,0.0
256169871,2024-04-16 18:03:08,300000,100.0,100.0,100.0,0.0,,,,,,,,,,0.0,,,,1.488927883981031,,,,0.0,,0.0,0.0,,0.0
256169871,2024-04-16 18:08:08,29700000,,,100.0,2.2754267004911735,,,,,,,,0.0,0.0,,0.0,0.8877704325731248,,4.76399343516836,,,,,0.0,0.0,0.0,0.0,
256169871,2024-04-16 21:26:45,3924809,100.0,,,,,0.6218139211686977,,,,0.0,,,,,,,16.207024543472155,,,,,,,,,0.0,0.0
256169871,2024-04-17 03:25:03,19207067,100.0,100.0,100.0,0.5755608825426585,0.8383755874904111,2.2409903761752648,,,,0.0,,0.0,0.0,,0.0,,,,,,,,0.0,0.0,0.0,0.0,0.0
256169871,2024-04-17 11:50:03,26926884,100.0,,100.0,,15.143978831950946,3.0654424440766634,,,,0.0,0.0,0.0,0.0,0.0,,1.9495388985972735,29.340517931722637,,,,,0.0,,0.0,0.0,0.0,0.0
256169871,2024-04-17 20:15:03,7945959,100.0,,100.0,,12.89410652938204,,,,,,0.0,,0.0,,0.0,,30.089491811416032,6.206376392222866,,,,,0.0,,,0.0,0.0
256169871,2024-04-17 23:21:34,14497862,100.0,100.0,100.0,0.0,11.91625602851193,,,,,0.0,,,0.0,,,,32.809613346964284,1.9541689430565512,,,,0.0,,,,0.0,0.0
256169871,2024-04-18 03:34:59,15523906,,,100.0,0.23198130018052388,14.47645034242949,,,,,0.0,0.0,,0.0,,,,37.06404994883178,,,,,0.0,0.0,,,,
256169871,2024-04-18 11:59:59,8086804,100.0,100.0,,0.0,17.921901449378765,,,,,0.0,0.0,0.0,0.0,,,0.2757210225476303,26.964911440759074,,,,,,0.0,0.0,0.0,0.0,
256169871,2024-04-18 19:37:18,19491493,100.0,100.0,100.0,0.32560215977321383,,3.890013634527798,,,,0.0,,,,,0.0,,35.9856517140201,5.142828937846111,,,,,0.0,0.0,0.0,,0.0
256169871,2024-04-19 02:34:46,23707890,100.0,100.0,100.0,,5.7545999423717635,5.822365663609124,,,,0.0,0.0,,0.0,,,,13.18156765643617,5.922051031236753,,,,0.0,,,,,0.0
256169871,2024-04-19 10:08:40,24221218,100.0,,100.0,1.1343025013054624,0.518814560994,,,,,,0.0,0.0,0.0,0.0,,,,,,,,0.0,,0.0,,0.0,0.0
256169871,2024-04-19 14:53:14,29700000,100.0,100.0,,0.0,15.617511092638063,,,,,,0.0,0.0,0.0,0.0,0.0,,,,,,,0.0,0.0,0.0,,0.0,
256169871,2024-04-19 14:58:14,7795987,100.0,,,0.2413107475118949,22.215356491457964,3.460615865376174,,,,,0.0,0.0,0.0,0.0,0.0,,,,,,,0.0,,0.0,,0.0,0.0
256169871,2024-04-19 16:34:48,29700000,,,100.0,,14.868478036140948,,,,,,0.0,,0.0,,0.0,0.0,31.045009046386316,10.253064932429375,,,,,0.0,0.0,0.0,0.0,
256169871,2024-04-19 19:57:01,29700000,100.0,100.0,100.0,,,,,,,,,,,0.0,,,,8.44153259262041,,,,0.0,0.0,0.0,0.0,,0.0
256169871,2024-04-20 01:39:14,13149845,,,,0.0,,,,,,0.0,,,,0.0,0.0,,36.647754624203614,,,,,0.0,0.0,,,,0.0
256169871,2024-04-20 07:07:53,17578757,100.0,,100.0,,,3.2386736028180545,,,,,,,0.0,0.0,,0.0,,9.492726272348868,,,,,,0.0,,0.0,
256169871,2024-04-20 07:26:01,300000,100.0,100.0,100.0,,24.058713576052718,,,,,,0.0,,,,0.0,0.0,29.460580633147277,,,,,0.0,,0.0,0.0,,
256169871,2024-04-20 13:42:19,29700000,100.0,,,0.0,15.484880199493581,,,,,0.0,0.0,0.0,,0.0,0.0,,17.903161431687465,,,,,,,0.0,,0.0,
256169871,2024-04-20 13:47:19,29700000,100.0,,,2.2137328986561005,17.111039295869876,2.4912333817065138,,,,0.0,,,0.0,,0.0,,,10.508155370425433,,,,,0.0,,,0.0,0.0
256169871,2024-04-20 22:06:54,21990323,100.0,100.0,100.0,0.0,8.629540908153572,3.345135511506558,,,,,0.0,,0.0,,,,30.775030247466628,5.066588828210881,,,,,,0.0,,0.0,0.0
256169871,2024-04-20 22:11:54,13656243,100.0,100.0,,0.0,7.115808041648709,2.227247590740947,,,,0.0,0.0,0.0,0.0,0.0,0.0,,,,,,,,0.0,0.0,0.0,,0.0
256169871,2024-04-21 05:44:36,20241278,,100.0,100.0,0.41423741847022777,,3.229176164549503,,,,0.0,0.0,,,,,0.0,,5.9808933335935315,,,,0.0,0.0,,,,0.0
256169871,2024-04-21 10:09:34,5414075,100.0,,,,25.98712510417829,2.746083076789093,,,,,0.0,0.0,,,0.0,,25.96821871289701,4.735607578086878,,,,0.0,,0.0,0.0,,0.0
256169871,2024-04-21 18:34:34,22646829,,100.0,100.0,,12.142179267681314,,,,,0.0,0.0,0.0,,,0.0,0.0,,9.064638462490446,,,,,,0.0,0.0,0.0,
256169871,2024-04-21 18:39:34,10894434,100.0,,,0.13104669347941136,,3.1603345078802794,,,,0.0,,0.0,0.0,,,,,0.894372638828516,,,,,,0.0,0.0,,0.0
256169871,2024-04-21 21:12:59,20567433,100.0,100.0,100.0,0.5146243593721234,,1.0453135327195864,,,,,,0.0,0.0,0.0,0.0,,29.57235914557329,,,,,0.0,,0.0,,,0.0
256169871,2024-04-22 02:40:55,12825900,,,100.0,,,5.142653112061266,,,,,,0.0,,0.0,0.0,0.0,33.804197353688764,,,,,0.0,,0.0,0.0,0.0,
256169871,2024-04-22 06:13:30,25441635,100.0,100.0,100.0,0.0,12.50974281854777,3.2922935732761833,,,,0.0,0.0,,,0.0,,5.518102674903419,,,,,,,0.0,,0.0,,0.0
256169871,2024-04-22 07:40:47,11992009,100.0,100.0,100.0,,1.637889804642196,1.8892690043297657,,,,0.0,,,,,0.0,1.3867463028449172,17.679830891575502,1.9036294967940535,,,,0.0,,0.0,0.0,0.0,0.0
256169871,2024-04-22 08:10:21,29700000,100.0,,100.0,2.345960451308765,,,,,,,0.0,0.0,0.0,0.0,0.0,,,4.640522447986195,,,,0.0,0.0,,0.0,0.0,
256169871,2024-04-22 08:15:21,28695391,100.0,,100.0,0.0,,0.45623465290416965,,,,,0.0,0.0,,0.0,,0.0,20.04573938943662,3.822060830910445,,,,,0.0,0.0,0.0,,
256169871,2024-04-22 08:20:21,7355496,100.0,100.0,,,6.143927100382001,4.449734035749554,,,,0.0,,0.0,,0.0,,0.0,,5.339583357248599,,,,0.0,0.0,,0.0,0.0,
256169871,2024-04-22 16:45:21,7703405,,100.0,100.0,,12.000073027195867,,,,,,0.0,,,0.0,0.0,,29.370474324042654,,,,,,0.0,,,0.0,0.0
256169871,2024-04-22 20:37:45,29700000,,100.0,,0.0,10.640445903448647,,,,,,,0.0,0.0,0.0,0.0,,,8.348647122812237,,,,,,,,0.0,
256169871,2024-04-23 01:20:01,7255627,,100.0,100.0,,12.077234628891766,2.1692350883309377,,,,0.0,0.0,0.0,0.0,0.0,,,,4.0620828115891054,,,,0.0,,0.0,0.0,0.0,
256169871,2024-04-23 05:30:59,29700000,100.0,100.0,100.0,0.19006559592391936,,3.6069269939791266,,,,0.0,,0.0,,0.0,,,,,,,,,,,0.0,0.0,0.0
256169871,2024-04-23 07:23:51,26891291,,100.0,100.0,0.0,15.21559314750751,,,,,,0.0,,,0.0,,0.0,38.471527675215306,,,,,0.0,,0.0,0.0,,0.0
256169871,2024-04-23 15:48:51,12918949,100.0,100.0,,,15.54743889121272,2.869748959376596,,,,0.0,0.0,,,,,0.4668247095536356,40.401267976231516,,,,,0.0,0.0,,0.0,,
256169871,2024-04-23 21:26:42,14463093,,,,1.4622531585789695,,1.9647208567556136,,,,0.0,0.0,0.0,,0.0,,,,,,,,,0.0,,0.0,0.0,
256169871,2024-04-24 03:24:52,8208255,100.0,,100.0,,18.381648317435626,,,,,,0.0,0.0,,0.0,0.0,0.0,,,,,,,,0.0,,0.0,
256169871,2024-04-24 11:49:52,4110212,,100.0,,0.5533948130589083,,1.2861909237572173,,,,,,,0.0,,0.0,0.0,34.551339103991275,6.1550515515033535,,,,,,,,0.0,0.0
256169871,2024-04-24 17:43:00,18913478,100.0,,100.0,2.2837547611705533,8.182307614412125,5.038504978095708,,,,0.0,0.0,0.0,,0.0,,0.0,33.1975024664621,0.9198511005691392,,,,0.0,0.0,0.0,0.0,0.0,
256169871,2024-04-24 21:26:53,28060470,100.0,100.0,100.0,0.0,19.479304327960975,,,,,,0.0,,0.0,0.0,,,41.430274239154805,5.313033164789907,,,,,0.0,,,,
256169871,2024-04-25 01:02:49,27781884,,100.0,100.0,,,1.4090571372062775,,,,0.0,0.0,,,0.0,,2.7938858159451896,26.54289562417044,8.114602353685902,,,,0.0,0.0,0.0,,,
256169871,2024-04-25 09:27:49,11845638,,,,1.5059471469994732,10.220444148218563,2.9354553559623273,,,,0.0,,,0.0,0.0,,,,,,,,0.0,,,,0.0,0.0
256169871,2024-04-25 15:57:01,9550136,,100.0,100.0,,17.628658844175767,,,,,,,,,0.0,0.0,7.6643575155609085,,5.6395519786902,,,,,,,0.0,0.0,0.0
256169871,2024-04-26 00:22:01,29700000,,100.0,,,12.871101907446633,,,,,0.0,,,,0.0,,,,5.672023677900729,,,,0.0,0.0,,0.0,0.0,0.0
256169871,2024-04-26 03:08:03,15366127,,100.0,,,17.886261161017686,3.451648247509779,,,,,,,,0.0,,,,8.615140988092582,,,,0.0,,0.0,0.0,0.0,
256169871,2024-04-26 05:51:50,9076713,100.0,100.0,,,,2.902769335678298,,,,0.0,0.0,0.0,0.0,0.0,,3.8267527721610115,19.831534584563325,4.537677552717513,,,,,0.0,,,,
256169871,2024-04-26 11:05:59,9453841,100.0,,,0.0,,4.7871257956713675,,,,,,0.0,0.0,,0.0,,42.28728350679273,,,,,0.0,0.0,,,,
256169871,2024-04-26 16:04:17,24289865,100.0,100.0,,2.0980281004718826,,,,,,,0.0,0.0,0.0,0.0,0.0,3.07649375107646,,4.92553982686797,,,,,0.0,0.0,0.0,,0.0
256169871,2024-04-26 21:37:23,18126395,,100.0,100.0,0.13348898202823933,,,,,,0.0,0.0,,,0.0,,,,7.274760406638595,,,,0.0,0.0,0.0,0.0,,
256169871,2024-04-26 23:38:22,3564806,100.0,100.0,100.0,1.8974330950935332,,2.7387867160194386,,,,,,,0.0,0.0,,,2.5330125889775736,2.0948844566803437,,,,,0.0,,0.0,0.0,0.0
256169871,2024-04-27 04:19:40,24224606,100.0,100.0,100.0,,20.417064349349882,0.48104441930387365,,,,,,,,,,,26.664829058515377,1.2567364419752032,,,,0.0,,,,0.0,
256169871,2024-04-27 10:43:04,11113925,,,,,13.412372543681956,5.119321230340324,,,,0.0,,0.0,0.0,,,1.9191954147200216,30.623613026449913,,,,,,0.0,,0.0,0.0,0.0
256169871,2024-04-27 11:29:52,11067030,,,,0.0,13.110289225315151,,,,,0.0,0.0,0.0,0.0,0.0,0.0,,28.4780138810484,,,,,0.0,,,0.0,0.0,0.0
256169871,2024-04-27 19:54:52,300000,100.0,,,0.0965680063692147,,3.5868536190539477,,,,,,,,0.0,,4.2765665264217825,,7.996607728907535,,,,,0.0,,0.0,,0.0
256169871,2024-04-27 22:33:33,300000,,100.0,,,16.21602110092474,,,,,0.0,,0.0,0.0,0.0,,0.0,,,,,,0.0,,0.0,0.0,,0.0
256169871,2024-04-27 22:38:33,300000,100.0,100.0,,4.128802083770143,11.561173412466077,2.336576868259598,,,,,0.0,0.0,0.0,,0.0,5.41205575840608,33.715096020457665,2.2626658335877625,,,,0.0,0.0,0.0,,,0.0
256169871,2024-04-28 03:28:07,7934492,100.0,100.0,100.0,,2.047490168864581,4.951151988003964,,,,0.0,0.0,0.0,0.0,,0.0,,31.9251958409741,8.783819941020308,,,,,,0.0,,0.0,0.0
256169871,2024-04-28 09:13:12,17582686,100.0,,,1.7506130113389466,,5.124242372342312,,,,,,0.0,0.0,,,1.6145511360094824,34.95533908411987,,,,,0.0,0.0,0.0,,,
256169871,2024-04-28 13:08:02,843316,100.0,100.0,,0.8772463104264421,13.324098927977355,,,,,0.0,,0.0,0.0,0.0,0.0,0.0,21.91545529533139,7.208433620874555,,,,,0.0,0.0,,0.0,0.0
256169871,2024-04-28 18:44:12,22151595,100.0,,,0.0,,3.3743947132148553,,,,0.0,0.0,0.0,,0.0,,,,7.5234727684925495,,,,,0.0,,,,0.0
256169871,2024-04-28 20:35:50,11716674,100.0,,,,,4.5292513561071335,,,,,0.0,,,0.0,,,,9.05645986145003,,,,0.0,0.0,0.0,0.0,,0.0
256169871,2024-04-28 20:40:50,22001043,100.0,100.0,,,16.551365390479596,,,,,,0.0,,0.0,,0.0,,18.57505695776171,6.710021283321988,,,,0.0,,0.0,0.0,0.0,0.0
256169871,2024-04-28 23:30:12,18336408,,100.0,,2.205911773663243,11.54127515245053,,,,,,0.0,0.0,0.0,0.0,0.0,,25.454351215432993,,,,,,0.0,0.0,0.0,,0.0
256169871,2024-04-29 03:17:18,29700000,,,,2.8058551239336467,,,,,,,,0.0,0.0,0.0,,0.0,,,,,,,0.0,,,,
256169871,2024-04-29 04:50:44,22450112,100.0,100.0,100.0,2.0244421227852634,23.354011379404376,1.263692361950183,,,,,0.0,0.0,,0.0,,1.3529781782388004,38.20762271227295,8.294520707345697,,,,0.0,0.0,0.0,,0.0,
256169871,2024-04-29 08:31:22,26235520,100.0,100.0,100.0,,,,,,,,,,0.0,,,0.0,,,,,,,0.0,,,0.0,
256169871,2024-04-29 12:09:12,18508899,,100.0,100.0,,,,,,,0.0,,0.0,,,0.0,0.0,,4.591166512584655,,,,,,0.0,0.0,0.0,
256169871,2024-04-29 18:41:21,10395989,,100.0,100.0,,,2.3103919028512006,,,,0.0,0.0,,,,0.0,0.0,33.746152198705396,6.904683758193281,,,,,0.0,,0.0,,
256169871,2024-04-29 19:18:01,26478960,,100.0,100.0,,11.504970446373278,,,,,0.0,0.0,,0.0,0.0,,3.4249318407872327,27.678552069113884,,,,,0.0,0.0,0.0,0.0,,0.0
256169871,2024-04-29 19:23:01,14863980,,100.0,,,11.374848816390523,,,,,0.0,0.0,,0.0,,,,,,,,,0.0,0.0,0.0,,0.0,
256169871,2024-04-30 02:18:30,24142184,,,,,,,,,,,0.0,,,0.0,,0.0,,,,,,0.0,0.0,,,0.0,0.0
256169871,2024-04-30 06:15:53,7687167,100.0,,,0.45977640029466577,,2.3176706313317568,,,,,0.0,,0.0,,0.0,,35.18703302670971,11.078948750992993,,,,,0.0,0.0,0.0,,0.0
256169871,2024-04-30 11:21:52,28346590,,,100.0,0.0,7.897464375204082,,,,,0.0,0.0,0.0,0.0,0.0,0.0,0.0,23.77004867655533,,,,,0.0,0.0,0.0,,0.0,0.0
256169871,2024-04-30 11:30:34,12490084,,100.0,100.0,0.0,,,,,,,0.0,,0.0,,0.0,0.0,,,,,,0.0,,0.0,,0.0,0.0
256169871,2024-04-30 11:35:34,27200428,,,100.0,0.0,12.420169028967205,,,,,,,0.0,0.0,,,3.643472846215585,32.31277698830943,5.40837409232255,,,,,,,,0.0,
256169871,2024-04-30 18:25:41,16442981,,100.0,,,,,,,,0.0,,,,0.0,0.0,0.6745582109665686,18.963542759948204,6.7818450274443345,,,,,0.0,0.0,,,
256169871,2024-05-01 01:25:46,7776464,,100.0,100.0,1.4971404512999504,16.165012098439984,5.657388403533728,,,,,0.0,,,,,,,5.3719101745722675,,,,,0.0,,,0.0,0.0
256169871,2024-05-01 01:30:46,5367427,100.0,,100.0,,,1.3828455141675828,,,,,,0.0,,,0.0,4.426890114345784,,9.187579080685245,,,,,0.0,0.0,0.0,,0.0
256169871,2024-05-01 07:51:31,6176477,100.0,,100.0,0.959452435253366,,2.252167573890131,,,,,,,0.0,,0.0,0.0,40.64793249058367,,,,,0.0,0.0,,,,
256169871,2024-05-01 10:03:07,13216354,,100.0,100.0,,15.097228569549587,,,,,,0.0,0.0,,0.0,,,,4.193816636339259,,,,0.0,0.0,0.0,0.0,,
256169871,2024-05-01 15:59:41,17817377,100.0,,,,15.942853213006087,4.0835260947221625,,,,0.0,0.0,0.0,0.0,0.0,,,,6.332460780618695,,,,,,0.0,0.0,,0.0
256169871,2024-05-01 17:45:20,29700000,,,100.0,1.690481170449135,17.556392962704113,,,,,,,0.0,0.0,0.0,0.0,,,4.788019372621268,,,,,,,,0.0,0.0
256169871,2024-05-01 17:50:20,8053467,100.0,,,1.413601483005996,,,,,,,,,0.0,,,0.0,29.893361323470735,,,,,,0.0,0.0,,,0.0
256169871,2024-05-01 18:49:23,18336408,,,,0.5756559550937771,26.187871869028108,3.9893045211254217,,,,0.0,0.0,,,,0.0,0.0,,,,,,,0.0,,,,
256169871,2024-05-01 18:54:23,29700000,,100.0,100.0,,12.073276886149545,4.06703966533374,,,,,,,,0.0,0.0,,48.139858927859464,3.335874272794907,,,,,0.0,0.0,,0.0,
256169871,2024-05-01 21:48:02,4059639,,100.0,100.0,,,,,,,0.0,0.0,0.0,,0.0,0.0,,28.228338237898395,11.281229061901268,,,,,,0.0,0.0,,0.0
256169871,2024-05-01 22:31:20,8711610,100.0,,,0.5880676545324126,15.24425643785828,2.4586322354920407,,,,0.0,0.0,0.0,0.0,0.0,0.0,,,8.520107363317408,,,,0.0,0.0,0.0,,,0.0
256169871,2024-05-02 05:10:12,22462633,100.0,100.0,100.0,,8.553195089831014,,,,,0.0,,,,0.0,,,43.34129565398633,,,,,0.0,,0.0,0.0,0.0,
256169871,2024-05-02 06:57:48,3203586,,100.0,100.0,0.0,,,,,,,0.0,,,,,6.092446200280334,,8.771485959485709,,,,,,0.0,,0.0,
256169871,2024-05-02 07:39:17,300000,100.0,,100.0,0.0,8.038162629482281,,,,,0.0,0.0,,0.0,,0.0,,,8.471703844138876,,,,0.0,0.0,,0.0,0.0,0.0
256169871,2024-05-02 07:44:17,16058567,,100.0,100.0,0.7524223005382336,14.377787473529322,,,,,0.0,0.0,0.0,,,,1.4959900715347252,34.03482291751896,,,,,,0.0,,0.0,0.0,
256169871,2024-05-02 11:59:34,27943493,100.0,100.0,,,,3.1330290702701817,,,,0.0,,,0.0,,0.0,0.0,28.873016670608305,6.921417554368777,,,,0.0,0.0,,0.0,0.0,
256169871,2024-05-02 18:03:24,7538035,,,,3.0006712511567484,8.101660318667655,4.728160791027243,,,,0.0,0.0,,0.0,,0.0,,17.739081396954376,3.7999379967079703,,,,,,0.0,0.0,,0.0
256169871,2024-05-02 20:03:49,28747409,100.0,100.0,,0.0,10.752791860562537,4.810826222119692,,,,,,,0.0,0.0,,,32.01250391586644,,,,,0.0,0.0,0.0,0.0,,
256169871,2024-05-02 20:13:23,29700000,,100.0,,0.0,14.372000567598816,,,,,,,0.0,0.0,0.0,0.0,0.013124176058286197,35.653372222605654,8.70335046602284,,,,,0.0,,0.0,,0.0
256169871,2024-05-02 20:18:23,12320893,100.0,100.0,100.0,,,,,,,,,,0.0,0.0,0.0,0.0,35.75296429903397,,,,,0.0,0.0,0.0,0.0,,0.0
256169871,2024-05-03 01:46:28,29700000,100.0,100.0,100.0,,16.760074764084482,1.7893811900330892,,,,,0.0,,0.0,0.0,0.0,,,11.556611363007871,,,,0.0,,0.0,0.0,,
256169871,2024-05-03 10:11:28,23374339,,100.0,,2.371009724879577,,,,,,0.0,,0.0,0.0,,,0.0,,5.300894458841947,,,,,0.0,0.0,,0.0,
256169871,2024-05-03 15:04:12,29700000,,,100.0,,,,,,,,,0.0,,0.0,,,42.25810769228343,,,,,,0.0,,0.0,,
256169871,2024-05-03 18:57:40,12010876,,,,,15.785678949742879,,,,,0.0,0.0,0.0,,0.0,,0.0,1.031515819599484,,,,,0.0,,0.0,0.0,0.0,0.0
256169871,2024-05-03 21:37:00,17065582,100.0,100.0,,,21.11824760046432,,,,,0.0,0.0,,,0.0,,,,,,,,0.0,0.0,0.0,,0.0,
256169871,2024-05-04 03:31:41,29700000,,,,,5.986846267672679,2.3030934501150435,,,,,,,,0.0,,,,,,,,0.0,0.0,0.0,,0.0,0.0
256169871,2024-05-04 10:21:25,10589681,,100.0,100.0,2.153459318595505,,,,,,,0.0,,0.0,0.0,,,,15.75337150743351,,,,0.0,0.0,0.0,,0.0,0.0
256169871,2024-05-04 13:51:47,18121536,,100.0,100.0,,,4.257663717491982,,,,0.0,0.0,,,0.0,0.0,,26.969909407340424,,,,,0.0,0.0,0.0,0.0,,
256169871,2024-05-04 17:00:26,3891320,,100.0,,0.10817340213478216,16.7515707477093,,,,,0.0,,,0.0,0.0,0.0,,28.887118435564766,8.186243667674493,,,,0.0,0.0,,0.0,,0.0
256169871,2024-05-04 18:15:31,29700000,100.0,100.0,100.0,,,1.1001268804120494,,,,0.0,0.0,0.0,0.0,0.0,,0.0,,7.820892802676267,,,,0.0,,,0.0,,
