Time,Interval,Min op-reachability (%),Max op-reachability (%),Avg op-reachability (%),Min in-octets (kbit/s),Max in-octets (kbit/s),Avg in-octets (kbit/s),Min in-utilization (%),Max in-utilization (%),Avg in-utilization (%),Min in-errors (%),Max in-errors (%),Avg in-errors (%),Min in-discards (%),Max in-discards (%),Avg in-discards (%),Min out-octets (kbit/s),Max out-octets (kbit/s),Avg out-octets (kbit/s),Min out-utilization (%),Max out-utilization (%),Avg out-utilization (%),Min out-errors (%),Max out-errors (%),Avg out-errors (%),Min out-discards (%),Max out-discards (%),Avg out-discards (%)
2024-03-04 15:54:03,26803802,100.0,100.0,,,2.576857776054,,0.0002335368281625514,0.023868454276827242,,0.0,0.0,,,,,0.057126982675,,,9.931006005859576e-05,,0.006338592158096898,0.0,0.0,0.0,0.0,0.0,
2024-04-30 17:26:16,27014649,100.0,,,0.045314238988,,0.5489804092581413,0.000572221310708342,0.026230337964267447,,,,0.0,0.0,,0.0,0.053567029506,3.471953094454,,,,,0.0,0.0,0.0,,,0.0
2024-03-25 14:18:30,26892647,,100.0,100.0,,2.695052386636,,0.00010060660395784174,0.02711349843252928,0.0049069843950848725,,,,,0.0,0.0,0.069822852811,,0.6237284025896244,0.0002021895654198722,0.028754840707016352,0.006765927726053247,0.0,,,0.0,0.0,0.0
2024-04-24 17:19:35,27504706,100.0,100.0,,0.010506373864,,0.5073505876143155,0.0,0.03776806501549895,,,0.0,0.0,,,,0.001074202186,3.975168046215,,0.0,0.03541230325858103,0.006754978158010934,,0.0,0.0,,,0.0
2024-04-19 15:58:31,29653096,100.0,,,,2.487689820709,0.539322980544542,0.0001452838058464923,0.023760754399127795,,0.0,0.0,,0.0,0.0,,0.007358897914,,0.6614977730853544,0.0,,0.006473991096207213,0.0,,,,,0.0
2024-04-30 08:51:53,28848525,,100.0,100.0,0.033431273395,4.068985713873,,0.0,,,0.0,,,0.0,,0.0,,,0.6699298292337712,0.00032323552726990396,0.03725545028486529,,0.0,0.0,,0.0,,
2024-04-26 01:51:54,26278171,,,,,4.854395383615,,,0.04492305401397611,,,,0.0,0.0,0.0,,,3.004405014732,0.8320065575792166,0.0,0.028989686540102234,0.007662443125138035,0.0,,,0.0,0.0,0.0
2024-04-05 16:36:07,28010566,,,100.0,0.054266613083,,0.5646595514280301,0.0007260663641016113,0.026334475885892505,,0.0,,0.0,0.0,,,0.004632243355,,,,0.03222580201642071,,,,0.0,0.0,,0.0
2024-04-11 16:55:31,28830064,,,100.0,0.026225701361,,0.5444374367186894,2.0077651731156745e-06,,0.006324891917021505,0.0,0.0,0.0,,,0.0,0.0,,,,,0.007758503834551751,0.0,,,,,
2024-04-27 22:29:35,28398587,,100.0,100.0,,2.559975998033,,0.00015671802910819304,,0.0047320692748591756,0.0,,0.0,,,0.0,,,0.6264617989748011,,0.03019577863262781,,,0.0,0.0,0.0,0.0,0.0
2024-04-23 12:42:17,29653096,100.0,100.0,100.0,0.040237116728,2.442318698441,0.4801292501807603,,0.02517310600454813,0.006301907891591323,,,,0.0,0.0,0.0,,2.887205154073,0.6581418210664495,0.0002670606483660602,0.030295925590264162,,,,0.0,,,0.0
2024-04-26 20:33:23,28954827,100.0,,100.0,0.0,,0.26757888020084963,,,0.00416300276773177,,,0.0,0.0,0.0,0.0,,,0.24377515234619934,0.0,0.025363144571544288,,0.0,,,0.0,,0.0
2024-04-18 16:59:26,26073118,,100.0,100.0,,,,0.0002796541641166266,0.02720483618245698,0.0059535553121778575,0.0,,0.0,,,,0.0,3.482080988341,0.6567464067194841,,0.0321823823619729,0.00631380940688255,0.0,,0.0,,,0.0
2024-04-23 16:20:11,26757239,,,100.0,0.006693542407,,,,0.06513518375684457,,,0.0,0.0,0.0,0.0,0.0,,,,0.0,,0.008351945790778692,,,0.0,0.0,0.0,
2024-04-30 09:18:00,28472706,,,100.0,,,0.5683775369493567,,,,0.0,,0.0,0.0,0.0,,0.054613228847,,0.6622207464505928,0.0,,0.006568093006568532,,0.0,,0.0,0.0,0.0
2024-04-04 16:54:21,27190093,,,100.0,,,0.32618982474345026,7.283937912662527e-05,0.002353683472095875,,0.0,0.0,,0.0,0.0,,0.002465526256,1.777002603115,0.24790613623341123,0.0,,0.006122421903998039,,,,0.0,,0.0
2024-03-24 07:35:02,27942337,100.0,,100.0,0.039707309347,,0.5178111513194981,,,,0.0,,,,0.0,,0.052230260318,2.415547730021,,0.00045598166890194284,0.03159528754125115,0.006342852145106652,0.0,0.0,,,,
2024-03-08 00:31:25,27626532,,100.0,100.0,,2.614699351826,,0.00033751766430993086,0.02474458105877538,,0.0,0.0,,,,0.0,0.0,3.358345756136,,0.0004168907905177885,,,0.0,0.0,0.0,0.0,,0.0
2024-04-23 03:22:52,26615534,100.0,100.0,,,,0.5396967478359241,,0.029732782681943497,0.005036297783798892,0.0,0.0,0.0,0.0,0.0,0.0,0.0,2.070390477232,,,,,,0.0,0.0,0.0,,
2024-04-20 21:15:09,28952077,,100.0,,0.042537234618,2.67627029969,0.5522137924657111,0.00028856255068440825,,,,0.0,0.0,,0.0,0.0,,,0.6747104200606471,0.00029094290220578174,,,0.0,,,0.0,,0.0
2024-04-29 06:34:31,28215934,100.0,100.0,100.0,0.050922544985,2.49841967788,0.5278113202482138,,,0.004936210102306809,,0.0,0.0,,0.0,0.0,0.061534935576,,0.6466536719081661,,,,0.0,0.0,,,0.0,
2024-04-24 10:29:39,28663123,100.0,100.0,100.0,,,,,,0.005639995033925217,0.0,,,,0.0,,0.062432445614,,0.6589021809345132,,0.02921224652842913,,0.0,,0.0,0.0,0.0,0.0
2024-05-06 08:16:19,29066254,100.0,,100.0,,,,,0.024971274701365984,,0.0,0.0,0.0,,0.0,0.0,0.057471927871,3.079097842378,0.629475052149987,,,,0.0,,,0.0,0.0,0.0
2024-04-29 18:36:16,28462755,100.0,,,,2.635009735894,0.5149934335072508,0.0006347668878436993,0.023647596352300012,,0.0,,,0.0,,0.0,0.062649457127,3.60412858902,,,,0.005950512965399772,,,,0.0,,
2024-04-07 17:59:28,28784019,,100.0,,0.056319539549,,,0.0006488637595485084,0.027468839774722704,,0.0,,,,,0.0,,,0.6218507020563488,,,0.007073684928735004,0.0,0.0,,0.0,0.0,0.0
2024-04-24 13:21:22,27210886,,,,,5.1012533971,,0.00030386020049413804,0.038262852380750584,0.00592704178859424,0.0,,0.0,0.0,0.0,,0.0,4.727779756802,0.6628278991794856,,,0.009244502293871026,0.0,,,0.0,,
2024-05-03 04:16:46,27888700,,100.0,,,2.557002415491,0.5847952118423048,,,,,0.0,,,,0.0,,,0.6317933558886302,0.0006749727478119116,,0.005810415954388269,,0.0,,,,
2024-04-07 03:13:48,27584532,,100.0,100.0,0.010309986586,,0.3763808614500739,,,,0.0,0.0,,,,,0.0,2.555567948417,0.27739697423110227,,0.02210409093032787,,,,,,0.0,0.0
2024-04-24 04:28:45,28502343,,100.0,,,2.587961668291,0.543767803315414,0.0009563579705192634,0.0277934858646455,0.0049064256152021955,0.0,0.0,0.0,,,0.0,,3.52856488514,0.6229258279290497,,,,0.0,0.0,0.0,0.0,,
2024-04-16 20:05:22,25965131,,100.0,100.0,0.030411746086,5.01440551073,,,0.0447366773280634,,,0.0,0.0,,,0.0,0.004495144332,,,1.778289951120379e-05,0.04326152219503236,,,,,,0.0,0.0
2024-05-03 08:04:52,29045729,100.0,,100.0,,,0.5089683671445185,,0.024234328879109514,,0.0,0.0,0.0,,,0.0,0.053805684686,2.808921673629,0.6621939899767366,0.0005779876084664973,0.032644976558018846,,,,,,0.0,0.0
2024-04-25 23:02:43,27646052,100.0,100.0,,,2.514574196261,,,,,0.0,0.0,0.0,0.0,,0.0,,4.402225110908,0.6592347024670553,,0.03822195916326958,0.005147319870698853,0.0,0.0,,,,
2024-04-18 11:03:39,26196142,,100.0,,,4.778193931577,,0.0002488582745025329,,0.007193512825915543,0.0,,0.0,0.0,0.0,0.0,,3.302638373116,0.5757882991379263,,0.027268884397928385,,,0.0,,0.0,0.0,0.0
2024-04-17 17:59:55,28128895,100.0,100.0,,,2.474751283776,0.5581697896864684,,,0.005974280376431141,0.0,0.0,,,0.0,,0.0,,0.6552776102323709,,0.03180847269774739,0.007727906504204482,0.0,,,,,0.0
2024-04-15 20:53:58,26649113,100.0,,,0.039043312396,,0.6073450061919192,,,0.005046084885102863,0.0,0.0,,0.0,,,0.053947240462,,0.6572932741099855,0.0006809189961099365,,,,0.0,,,,
2024-05-01 12:09:03,27128540,100.0,100.0,,,,,0.0005310380079027957,0.02625730702972678,0.0060032260564126,0.0,,0.0,,0.0,,,,,0.0006108962783544962,,,0.0,0.0,0.0,,0.0,0.0
2024-04-09 22:39:46,27504127,,100.0,100.0,,,,0.0,0.01466989613534286,,,0.0,,,0.0,,,,,0.0,0.018530338641078795,0.005261788624591477,,0.0,0.0,0.0,0.0,0.0
2024-04-19 20:41:06,26881978,,100.0,,,,0.5075060601846946,,,0.007079378132273365,,0.0,0.0,0.0,0.0,0.0,,2.43449566637,0.6526983135923311,0.00023059870309414095,,,0.0,0.0,0.0,,,
2024-04-17 22:41:00,28362466,100.0,100.0,,0.069263474287,2.630644191155,0.5132926723574704,,0.027105749208662624,0.006440315098940431,0.0,,,0.0,,0.0,0.04943925997,,,0.0002572299738632958,0.03804889228736629,0.0050238769277126056,0.0,,0.0,0.0,,0.0
2024-03-28 01:56:28,27998166,,100.0,100.0,0.021055736685,2.607714032108,0.49749046932009516,0.0004337461463372576,0.026514101550743793,0.004785396272113464,0.0,,0.0,,0.0,,0.0,,,,,0.006144735745006539,0.0,,0.0,0.0,,0.0
2024-03-30 08:53:43,26370564,100.0,,,0.049726585669,2.585262720869,,4.511147523990995e-05,,,0.0,,,,,,0.059868014976,,0.6222478942329888,,0.029836817856313383,0.0060549416339120326,0.0,0.0,0.0,0.0,,0.0
2024-04-11 05:58:24,26601772,100.0,100.0,,,,,,0.025740696212106087,,0.0,,,,,,0.058644347089,,0.6587083364306676,0.0005816927523613893,0.04440109106832571,0.008963028009034056,,,,,,
2024-04-26 12:55:14,28544441,100.0,,100.0,0.041670033565,2.627562202663,,0.00018573532703453712,0.026144067117807694,,0.0,0.0,0.0,0.0,,,,,0.6899692920488848,0.0,0.047083024813801826,,0.0,,,,0.0,
2024-05-06 08:16:19,27646403,,100.0,100.0,0.0,5.66089745685,0.5969938259275744,0.0001958003596212342,,,,,,,,0.0,0.005012132516,3.857024943537,0.7096227705903256,3.1781496383004185e-05,,0.007587840846595933,,,,,,
2024-04-26 13:21:57,25460544,,,,0.031602305897,,0.5679671178989972,,,,0.0,,0.0,0.0,0.0,0.0,,3.661638906492,0.656369334052522,0.00026865428779600784,0.031073455004396518,0.007189160412232021,,0.0,0.0,,0.0,0.0
2024-04-24 13:53:17,27948630,100.0,,,0.051286922052,2.556969498194,,,,0.005319573983304307,0.0,0.0,,,,0.0,0.063203375093,2.233136436536,,0.0007298659895295461,0.02950574434015498,,0.0,0.0,0.0,0.0,0.0,
2024-04-18 18:44:28,28056045,100.0,,100.0,0.060591687534,,,0.000727769243792455,,,0.0,0.0,0.0,,,,0.060252439961,3.067365511379,0.6547457246596586,,,,0.0,,0.0,,0.0,
2024-03-31 00:29:44,28333696,100.0,100.0,,,2.621999135206,,0.0003082253135228272,0.027329679945192645,0.004864878428773179,0.0,,0.0,0.0,0.0,0.0,,2.531996880127,,,,,,,0.0,0.0,0.0,
2024-04-06 22:33:08,26746432,,100.0,100.0,,2.514442424952,,,,0.005061401606359638,0.0,0.0,0.0,0.0,,0.0,,,0.6136566946790728,,,,0.0,0.0,,0.0,,
2024-04-25 11:17:33,28998264,,100.0,,0.035429243562,,,0.00034538769839053383,,0.006342331772486428,,,0.0,,0.0,0.0,,3.009394021641,,0.00048239623115300197,0.025055877970451453,0.0077519258558901806,,0.0,,0.0,,
2024-04-23 03:53:48,27714104,,100.0,,,2.573095757506,0.5532929927073463,,0.025567208953910008,0.0062575438063636555,0.0,0.0,0.0,0.0,,,,,0.6440014825982141,,,0.006511824951019604,0.0,0.0,,,,0.0
2024-03-08 03:03:05,28600249,,,100.0,,4.512306124077,,,,,,0.0,0.0,,,0.0,,5.131951201686,,7.414369315554973e-05,0.04041517609924178,0.007372191734130257,0.0,0.0,0.0,0.0,0.0,
2024-04-21 11:28:10,27809936,100.0,100.0,100.0,,,,,0.02322501653223799,0.005414155059697462,,0.0,0.0,0.0,0.0,,0.05354303351,3.22642108939,,0.00014407303968545657,0.03673032484605884,,,,0.0,0.0,0.0,0.0
2024-03-29 06:01:04,28479742,100.0,,,0.028656264641,,,,0.024713601231998013,0.005609041127307212,0.0,0.0,,0.0,0.0,,0.003515915346,,0.6442439209635963,,,0.0075965827746250405,0.0,0.0,0.0,0.0,0.0,0.0
2024-05-03 03:17:01,27005553,,100.0,100.0,0.04890150574,,0.5488244018575222,,,0.005882645214688202,,0.0,,,0.0,0.0,0.058752796883,4.760944460337,,,,0.007351345839810898,,0.0,0.0,,,0.0
2024-04-28 10:13:25,28569349,100.0,100.0,,0.050636556723,2.634534877086,0.5798926615125268,0.00013993649106065732,,0.006553750583686543,,0.0,0.0,0.0,,0.0,,,0.6462443079991421,0.00016294448614499857,,0.0065895660513687155,0.0,0.0,,,0.0,
2024-03-17 06:09:40,27912767,100.0,100.0,,,4.725830641254,0.588924516092256,,,,,0.0,0.0,0.0,0.0,0.0,,4.710101983661,,7.246064522688274e-05,0.03682484194330205,,0.0,0.0,0.0,0.0,,0.0
2024-04-21 15:58:57,27471377,,,,0.070956336358,2.681617517216,,,,0.004405445455725068,,0.0,0.0,,,0.0,0.061730427001,3.539575988725,,,,,0.0,0.0,0.0,,0.0,
2024-05-04 11:46:30,28398720,,100.0,,0.034018631981,2.682825430051,0.5409219327146887,,,0.005960853842741597,0.0,0.0,0.0,,,0.0,0.055105823895,4.70909883509,0.6563521246972267,,0.04512084494863729,,,,,0.0,,0.0
2024-05-06 08:16:19,27142048,,,,,,0.5627680294584677,,0.013365945202626926,0.006350002503190676,,,,,0.0,0.0,0.004578638302,2.067978311162,,,0.01805960263390883,0.006164777037829339,0.0,,,0.0,0.0,
2024-04-27 09:58:19,25777761,100.0,,100.0,0.006389317004,,,,,0.006157714668540614,,,,0.0,0.0,,0.01193296863,,,0.0,,,0.0,,,0.0,,0.0
2024-05-06 08:16:19,29155438,100.0,100.0,,,2.559118267449,,,0.025552495922541173,0.004757142817398116,0.0,0.0,0.0,0.0,0.0,,0.059373604676,,0.6667239992244732,0.00048587874314870655,0.03316197043842585,0.006818850989545656,0.0,,,0.0,0.0,0.0
2024-04-29 14:38:52,27542306,,,100.0,0.044129630424,,,0.0008526136208700222,,,0.0,,,,0.0,0.0,,3.4040202236,0.6428301247090681,,0.03188140414709914,,0.0,,,,0.0,
2024-03-12 16:54:47,28833091,100.0,,100.0,,1.263197855857,0.5371151056386606,,0.006282764169470029,,,,0.0,,,0.0,,2.52525779996,,2.6292891811409685e-05,,,0.0,,,,,
2024-05-04 08:20:45,28532415,,,100.0,0.015545140144,,0.6080269496655324,0.0007975703815498209,,0.006104319423445302,,0.0,0.0,0.0,0.0,0.0,,3.35839794938,0.6599157858768923,0.0003200999236598616,0.04568046125941663,,,0.0,0.0,,0.0,
2024-03-24 08:30:05,27113803,100.0,,100.0,,5.567048509869,,,0.01542668714524463,0.004409395393779788,0.0,,,0.0,0.0,,,2.718296829165,,0.0,0.01848333418508949,0.004654234726548139,0.0,0.0,,0.0,,
2024-04-06 02:27:25,27427511,100.0,100.0,,0.023277648918,2.49689481651,0.5015651474060402,0.0,,,0.0,0.0,,,,0.0,,2.833748085188,,0.00016236241916402523,,0.006014256526191268,,,,0.0,0.0,
2024-03-27 20:04:07,27500541,,,,,4.506834174508,0.571844253015247,0.0005767585637070705,0.026980134942761625,,,0.0,,,0.0,,0.0,,,,,,0.0,,0.0,,0.0,
2024-04-28 01:32:51,28560593,,100.0,,,,0.5448203204269259,,0.024523581887130153,0.005202323643469983,0.0,,,0.0,0.0,0.0,0.065538406564,3.529077188761,0.6297329633610931,,,0.00600198826306995,0.0,0.0,0.0,,0.0,
2024-04-26 19:04:40,26321496,,100.0,,0.034614197194,2.6360804987,0.5530926842211502,,0.027048571945507034,0.006148394209135059,,0.0,,,0.0,0.0,,,0.8974452370303383,,,0.0065610631187796855,,,,,,0.0
2024-05-04 15:55:51,27719934,100.0,100.0,,0.050926835434,,0.5628466729631229,,,0.006195202021927271,,0.0,,,,,0.0,3.573257830081,0.6655598457466908,0.0009376341604122797,,,0.0,,0.0,0.0,0.0,
2024-03-27 09:51:38,29325554,,100.0,100.0,,3.380803973455,0.507171982185133,,0.03908800926035598,,,,0.0,0.0,0.0,0.0,,3.027886667137,,,,,,0.0,0.0,,,
2024-05-02 19:14:51,26687249,100.0,,100.0,0.053055688125,2.744102690424,,0.0002604319157801397,,,0.0,,0.0,0.0,0.0,0.0,,,0.6820975244546822,0.0008173584332880619,,,,0.0,,,,
2024-04-27 23:33:26,28724500,,100.0,,0.048573400048,,,0.0003106267445922773,,,,,0.0,,,,0.057531359651,,,0.0004223793900327987,,0.007803677325180515,0.0,,,0.0,,
2024-05-05 10:49:40,28674937,100.0,100.0,100.0,0.041883209489,,0.5434626087504386,0.0005102544985912919,,,0.0,,0.0,,,0.0,,4.753922988714,0.6621592647475014,0.0002271681899852788,0.04167169870916216,0.007152879264639781,,0.0,,,0.0,0.0
2024-04-16 00:22:30,26435080,,,100.0,0.052522970694,2.52568679345,0.47340299131067426,,,0.004717893051205995,0.0,,0.0,0.0,,,,3.10865711284,0.6638873272904792,,,,0.0,,0.0,0.0,0.0,0.0
2024-03-12 16:52:36,28570474,100.0,100.0,,0.0,,,,,0.004144307727884455,0.0,0.0,0.0,,,,0.0,,,0.0,0.028688158546709724,,,0.0,0.0,,,
2024-04-21 12:32:16,28272356,,100.0,,,2.703134098959,0.5037552532055013,,,,0.0,0.0,0.0,,,,0.001328818251,2.657386573312,,1.8291513787179988e-05,0.029598162666953892,,,,,0.0,,0.0
2024-03-24 20:27:14,28936600,,100.0,100.0,0.004742949609,1.187157571305,0.031097597212544015,,,,,,0.0,0.0,0.0,,0.00310902501,,0.20476043335863098,0.00021075348057749348,0.025661107021589025,,0.0,,,,0.0,
2024-05-01 00:24:32,27600993,,100.0,,,,0.5550618409949589,,0.05268733266702156,0.005658957914484742,,0.0,0.0,0.0,0.0,,,2.536292131682,,0.0,0.033794677743283055,0.007241625026219378,0.0,0.0,,,0.0,0.0
2024-04-15 04:16:52,27837556,,100.0,100.0,,,0.5687958758398054,0.0,,0.006474633894062246,0.0,,,0.0,0.0,,0.0,,,0.000207371465085441,0.03436112863081063,0.0077762091849202285,0.0,,,,0.0,0.0
2024-04-29 13:12:40,27569478,100.0,,,0.057990517967,,,0.0003805865829680544,,0.005485537472750942,0.0,0.0,0.0,,0.0,0.0,0.056796660032,3.519183076658,0.6312383681906732,,0.041388254062267676,0.005677229074645242,0.0,,0.0,0.0,0.0,0.0
2024-04-14 11:43:47,27052415,100.0,100.0,,,,0.5643614121025663,0.0,,,,,,0.0,,0.0,0.002514581151,3.376143365625,,0.00023335959701948597,0.03666173892115016,0.007919101668356078,,0.0,,,,0.0
2024-04-16 15:40:25,26001939,100.0,100.0,,0.044277804797,,,,0.02662012766072401,,0.0,0.0,0.0,,,,0.067489757493,,0.6324235313787541,,0.039817951524190626,0.006759077404260009,,,0.0,,,
2024-05-06 05:11:10,28462604,,,,0.048049605482,2.548835992075,,,,0.004344295489258938,0.0,0.0,,,,0.0,,,,,0.03707059843809518,0.007217140047285223,0.0,,,,,
2024-04-26 19:50:02,28911166,,,100.0,,,0.5605363954487832,0.000656471642325899,0.02740398170466546,,0.0,0.0,,,0.0,,0.058327169007,4.113345016398,0.6896168378776364,0.0002933606008923146,,0.008268925790698746,0.0,,,,0.0,0.0
2024-04-26 11:30:03,28939686,,100.0,,,,0.6038755726703542,,0.04408247925841366,,0.0,,0.0,0.0,,0.0,,2.85772486844,0.817978108985969,0.0,0.01989142273279799,0.008387480049395372,0.0,,0.0,0.0,,0.0
2024-03-19 20:50:03,26041840,,,100.0,,,,,,,0.0,0.0,0.0,,,0.0,0.053224704039,2.543051035921,0.6182113644362706,,0.030608849851198654,0.005093525938503268,,,,,0.0,
2024-03-25 12:32:28,29452811,100.0,,100.0,,,,,0.02622991470740221,0.00518470484780689,,0.0,,,0.0,0.0,0.002837398667,2.495719659798,0.5646176861293878,,,,,,0.0,,,
2024-03-07 13:31:59,28030659,100.0,100.0,,0.033924102528,2.746510696425,,,0.024682529303996056,0.0035322112354761346,,0.0,,,,0.0,,2.82577502427,0.6343514926779368,0.00011631243574896085,0.03696920177725505,,0.0,0.0,,,,0.0
2024-04-26 13:55:01,28800738,,,,,2.662199575355,0.5566400012119506,0.0009021853520846512,,0.005116095874531303,0.0,,0.0,0.0,,,,,0.6485198834984246,0.00013862831859984067,,,,0.0,,,,0.0
2024-05-01 10:58:07,26957035,100.0,100.0,,0.003745042796,4.327700778982,,,0.04357540222253882,,0.0,,0.0,,0.0,0.0,0.0,,,8.31344833052423e-05,0.02459983872864689,0.007032834181863458,0.0,,,0.0,0.0,0.0
2024-04-25 10:49:43,26968323,,100.0,,0.02944990083,,0.5620411226323624,,0.02497213094191678,0.005003388626998187,0.0,0.0,0.0,,0.0,0.0,,,0.6715284327259754,0.00031996522713299163,0.04784929310911721,,,0.0,,0.0,,0.0
2024-04-21 11:21:04,28906183,,100.0,100.0,,2.539774420889,0.5788552809130494,,,0.004299684510389383,,,0.0,,,0.0,0.052498680681,3.427003449588,0.6508950114133593,0.0007018027334790579,0.03958210165200707,,,0.0,0.0,0.0,0.0,
2024-04-18 11:39:38,27338536,,100.0,100.0,0.069298455429,,,0.0008704580929785894,0.026961554428585284,0.005764814753021777,0.0,,,,0.0,,0.050574979113,3.133217952264,0.6375147439527784,0.00065068675899731,,0.007109811703700135,,0.0,,,0.0,0.0
2024-05-06 08:16:19,26520156,100.0,,,0.055640865445,2.570878764649,,,,0.005791753899972423,,,0.0,,0.0,,0.060749929619,,0.6468977347593801,0.0003988453159132362,,0.007665723024642062,0.0,,0.0,,0.0,0.0
2024-04-03 15:02:48,27296901,100.0,,,,,0.5575171861882334,0.00017615979045653427,0.02682101009217184,0.005114426923017549,,,,,,0.0,0.0,2.031107183702,,1.246086449340427e-05,0.025088212261737096,0.007732141533001952,,,,,,0.0
2024-04-21 08:36:56,28667374,100.0,,100.0,,6.589032704046,0.6179992383649553,,,0.007224652788269529,0.0,,,,0.0,0.0,0.001109405483,,0.6698357879371227,0.00026254623586207326,0.046891295691679644,,,,,0.0,,
2024-05-02 00:04:47,26092655,,,100.0,0.028107252725,2.623848613521,,0.00039969829204271887,,,,,0.0,0.0,,0.0,0.057275204719,,0.6423806715766932,0.0008418872955954753,0.034345645090426896,,,,,,0.0,
2024-04-26 06:26:51,29653096,,,100.0,0.027683420326,,,0.00032605603099744454,,0.005815182974168499,0.0,,,0.0,,0.0,,,,,,,,0.0,,,0.0,0.0
2024-05-06 02:21:06,29541471,,100.0,100.0,0.019781998977,4.033032978763,0.49568393287929075,0.0,0.04298635485630257,,,,0.0,0.0,0.0,0.0,,,0.788195716596215,,,0.005367076601762709,,,,0.0,,0.0
2024-05-01 10:05:09,29263321,,100.0,100.0,,2.533305098272,,0.000556645459662499,,0.004435377351450455,,,,0.0,,0.0,0.060198809357,3.508769996805,0.6399593640941575,0.0006870790977780935,0.02903211616386221,0.007881813722639684,,0.0,,0.0,,0.0
2024-05-06 08:16:19,27733536,,,,0.051279035376,2.628081472789,0.5720159455790409,0.0002697389356524241,0.02216389785745933,,0.0,0.0,,0.0,0.0,0.0,0.059482463881,,0.6402671144193285,0.0,0.029037596411957883,,0.0,0.0,,0.0,0.0,0.0
2024-04-23 14:26:11,28177640,100.0,,,0.023316138092,0.676798921784,0.6321188072086783,,,,,0.0,,0.0,0.0,0.0,,,0.8243517054901519,0.0,,,,0.0,0.0,,,0.0
2024-04-25 19:36:19,27427196,100.0,,,0.023894880601,4.591958769655,0.6055763695407075,0.0,0.0465892370640898,,,0.0,,,0.0,,0.001038791362,4.554112306655,0.7276657995485404,0.0002269347462126239,0.04751873554928458,0.007480329818097094,0.0,,,0.0,,0.0
2024-04-14 05:27:48,27399782,100.0,100.0,100.0,0.001897272195,0.642610405298,,,0.005566979712970731,,,,0.0,,,0.0,0.000358087312,,0.39618927739673887,0.0,,0.004494415852517272,,,,,,
2024-03-28 16:22:17,29260367,,100.0,,0.030906319516,,0.5899284753288813,,0.01781645569432694,0.006260961088970992,0.0,0.0,0.0,0.0,0.0,,0.003858478954,2.148524268117,,,,0.0075987136811549874,0.0,0.0,,,0.0,0.0
2024-04-24 12:53:49,27691899,100.0,100.0,,0.031511995333,,,,,0.006670107316722343,0.0,,0.0,,0.0,,,3.15386640188,,0.00018299986074890364,,,0.0,0.0,,0.0,,
2024-04-23 00:20:30,27109547,,100.0,,0.064555675135,2.570103884159,,0.0007261551440707686,0.02825661103417814,0.004700009379330206,,0.0,,0.0,,0.0,,,0.6369927853655138,0.00047577140808450146,0.02604413640491098,,0.0,0.0,0.0,0.0,0.0,0.0
2024-04-19 13:51:40,28197078,100.0,,,,,,1.4709358029257999e-05,,0.0054547537070515125,,,0.0,,,,0.003208953267,,,,,0.0049805057530328024,0.0,,,0.0,,0.0
2024-05-01 12:08:31,27182763,100.0,100.0,100.0,0.010738154113,1.637825627922,0.5263767612438757,,0.026363535276340076,,,,0.0,,,0.0,,1.894738455677,,,0.020545586027203182,,0.0,,0.0,0.0,,0.0
2024-05-02 10:08:56,27719722,100.0,100.0,100.0,,,,0.0002392731076990991,0.024821258401872114,0.005974306584872886,0.0,,0.0,0.0,,0.0,0.049048593764,,0.6445463317026108,0.00015215526620942796,0.03034272116093389,,0.0,,0.0,0.0,0.0,
2024-03-16 14:15:39,27970415,100.0,,,0.0,0.939803445621,0.49956491047797974,0.00014404729585620912,,,0.0,,0.0,,0.0,0.0,,,,,0.018993771083352876,0.005985498550985734,,,0.0,,0.0,0.0
2024-03-14 13:07:16,29653096,100.0,,,,2.583265944601,0.5434053755479524,,,,0.0,0.0,,0.0,0.0,,,,0.638115808176768,0.0005036989164267313,0.040519134374542465,,0.0,0.0,0.0,0.0,,0.0
2024-03-28 05:28:52,28426742,100.0,,100.0,,2.6582895257,,,0.023600284363438404,,0.0,0.0,,0.0,0.0,0.0,0.057964451424,3.05441460179,0.6384149396071369,,,0.005116965809556176,0.0,,,,0.0,
2024-04-28 22:16:47,27780017,,,100.0,,,,,,0.005344351658566373,,,0.0,,0.0,,0.062372889298,4.29277083506,0.6559241397910937,,0.04392172485750496,,0.0,,0.0,,0.0,
2024-04-30 20:58:12,29653096,100.0,,,0.058198004765,2.601981440216,0.5388750881218486,8.297544048248653e-05,0.026534034256203487,,0.0,0.0,,0.0,,0.0,0.056234653171,3.495215671289,,0.00015597600955407083,,0.007228199724876363,,0.0,,,0.0,
2024-04-21 23:20:21,27231183,100.0,,,0.017786399836,,0.532873706463527,,0.026099139030060402,0.006152795229322519,,0.0,0.0,,,,0.0,2.525066532345,0.6281227625300174,0.0002510632923401115,0.023649703153774126,,,0.0,0.0,0.0,0.0,
2024-05-06 08:16:19,26748149,100.0,,,,,0.5776824659358586,,0.026955853098871475,0.005795038675803175,,,0.0,0.0,0.0,0.0,,3.17203350493,0.6664561334137208,,0.0383381165722162,0.007004977737766567,,0.0,,,0.0,0.0
2024-03-16 14:14:38,27385696,,100.0,100.0,0.00720571521,,0.5434823330709065,0.0,0.024977171498362965,0.004290947952675199,0.0,,0.0,,0.0,,,2.300641946843,0.3744211920551202,0.00017849066073229202,,0.005542993927446676,0.0,0.0,,,,
2024-03-25 22:15:51,27892371,,,,0.018357364342,,,0.0,0.023958583565390053,,0.0,,0.0,0.0,,,,1.483124634329,0.648620426943983,0.00012043367396477895,,0.004406732700820651,,0.0,,0.0,0.0,
2024-03-03 03:23:31,25141538,,100.0,100.0,,3.585840433084,,,,0.0032178419268232977,0.0,,0.0,0.0,0.0,,0.0,4.111846083436,0.24739538035965591,0.0,,0.004958246735241596,,0.0,,0.0,0.0,0.0
2024-04-04 02:38:17,28764305,,,100.0,0.049749638539,,0.5605431094738019,0.000260894622466402,0.025399581334935396,0.006559853590688809,0.0,0.0,,0.0,0.0,,,2.45763541631,0.6276668365244923,0.00046908892081156013,0.026771061263292605,0.006280553293207195,0.0,0.0,0.0,0.0,0.0,
2024-05-01 20:57:58,29651310,100.0,100.0,100.0,0.0,,0.5917663215303172,0.0,,,0.0,0.0,0.0,,0.0,,0.008923135797,,,0.0003480397343174632,0.04180228610265548,0.00869566596989764,0.0,,,0.0,,
2024-05-05 22:49:55,28779136,,100.0,100.0,,2.601778857578,,,,0.003516570926490518,,0.0,,,0.0,0.0,0.043481373543,,,,0.0344750561611724,0.005792115539040388,0.0,,,,0.0,0.0
2024-05-06 08:16:19,25900048,100.0,100.0,100.0,0.003878003265,,0.49938371414894306,5.788060192432235e-05,0.015174999984451617,,0.0,,0.0,,0.0,0.0,0.00323092671,,,0.0,,,0.0,0.0,,0.0,0.0,0.0
2024-03-09 05:40:27,29653096,100.0,,100.0,0.0,4.562083917702,,0.0,,0.004564669713709704,,,0.0,0.0,0.0,0.0,0.006247826414,3.679400579492,,,,,,,0.0,,0.0,
2024-03-21 19:42:55,28590240,100.0,100.0,100.0,0.00636066119,,0.3658176261602861,0.00042018590980306,0.00388438724204776,0.005755266877036163,0.0,0.0,0.0,,0.0,0.0,,1.794351930456,0.40747657946549326,,0.02778352111717422,0.005048708899674491,,0.0,,,,0.0
2024-03-26 20:38:14,26192156,100.0,,100.0,,1.120228123869,,,0.011999299312944753,,,,0.0,,0.0,,0.013544649493,1.491026290836,0.5986759256920522,,,,,0.0,,,0.0,
2024-05-02 07:43:50,28921085,100.0,100.0,100.0,0.019193833841,2.479534461326,0.4850066779548957,,,,0.0,0.0,0.0,0.0,0.0,0.0,0.060835574151,2.331487559414,0.6335240940054516,0.00026800059435222706,,0.006093159131195641,,,,,0.0,
2024-04-15 20:51:13,27088453,100.0,,,0.019706287946,,,,0.035012999987724315,,0.0,0.0,0.0,,0.0,,0.016636432052,3.088414142672,,,0.040264122643523914,0.006185651475148282,0.0,0.0,0.0,0.0,0.0,0.0
2024-03-30 11:49:05,27294571,100.0,100.0,100.0,0.027526602417,2.51566272809,0.5227501247812973,6.84840943981274e-05,,,,0.0,0.0,,,0.0,0.0,3.436422228637,,,0.024348847539289016,0.006067099764819046,,0.0,,0.0,0.0,
2024-05-05 20:20:00,26688846,,100.0,100.0,,3.814826887444,,,,,,0.0,0.0,0.0,,0.0,,,,0.0004134851362029338,,,,,,0.0,0.0,
2024-03-16 07:06:19,29423880,,100.0,,0.042179772823,2.61937969284,,,,0.003619578769411499,0.0,0.0,,0.0,0.0,0.0,0.055395153238,,0.6327075305876189,,,0.005642092471409703,0.0,,0.0,0.0,,0.0
2024-05-01 01:06:23,29653096,100.0,100.0,100.0,0.0145214467,,0.5646920596101772,0.00025944837673064414,0.05125624072282098,0.005704551586800377,,,0.0,0.0,,0.0,0.0,,,0.0,0.02437916092493284,0.007736040012500721,0.0,0.0,,,,
2024-05-03 17:02:46,28711693,100.0,100.0,,0.061956495542,4.471537469937,,0.0005026374023183409,,0.008609299378509147,,0.0,,,,,0.004560851972,6.154458834829,0.6815424585592033,,,,0.0,,0.0,0.0,,
2024-04-30 14:09:55,29257285,,,100.0,,2.707056051064,0.52031313582131,0.00037068426663265435,,,,0.0,,,,0.0,0.069791108568,3.417142480745,,0.00014082021306070265,,,,,,,0.0,0.0
2024-05-02 05:19:30,27024220,,,100.0,0.069787306775,2.618511988177,,0.0005134840884333395,0.026236001109716196,,,,0.0,0.0,,,,3.886291218129,0.6602222424075531,0.0003366392194827669,0.02970663926180657,0.007351645363073826,,,,,0.0,
2024-03-05 17:34:23,27710526,,,,0.061904087363,,,,,0.004916127908559961,0.0,0.0,,,0.0,0.0,0.073077457326,,,0.00039840855448783347,,,0.0,0.0,0.0,0.0,,
2024-04-05 06:36:16,28968841,,,100.0,,1.938230202708,,5.177211265502117e-05,,,,,,,0.0,,0.010330466839,,0.34997121719001545,0.00032445843637478805,,0.006678363429891299,0.0,0.0,0.0,,,0.0
2024-04-16 06:38:17,27637372,,100.0,,0.065187177658,,0.587903718515941,0.0006654859371308705,0.027281913812768704,,0.0,0.0,,0.0,,0.0,0.049723568669,,0.6450979618309843,,,0.00599466501009803,0.0,0.0,0.0,0.0,,0.0
2024-04-12 01:27:53,28553946,100.0,100.0,100.0,0.046148130212,,,0.0003194718140388668,0.025658995507540423,0.0044343523020840304,0.0,0.0,,,,,0.050570107354,3.439376542724,,,,0.0055060758953411225,0.0,0.0,,0.0,0.0,0.0
2024-04-23 23:45:34,29118148,,,,0.070355353662,,0.557998938983875,,0.027479233217692887,0.006770679573721456,0.0,0.0,,,,0.0,,2.947602705496,,,,,0.0,,,0.0,0.0,
2024-04-18 15:25:04,27809648,,,100.0,0.018188589542,2.539966847118,0.5780364101504439,,0.02565705332292839,,0.0,0.0,0.0,0.0,,0.0,,3.189114551346,,,,0.007417108338820375,,0.0,0.0,0.0,0.0,
2024-04-23 21:22:42,28440603,100.0,100.0,,,,0.5374051318866994,0.0004628291462366287,0.04287412365647271,,,0.0,,0.0,,,0.004731389974,,,0.0004667058323794663,,0.007207922337423081,,,0.0,,0.0,
2024-04-27 12:14:31,27152991,,100.0,100.0,0.051089844363,,,0.000344674471515482,,,,0.0,0.0,,0.0,,0.048028343572,2.67115241338,,,0.026993862753262557,,,,0.0,0.0,0.0,0.0
2024-04-10 19:21:14,27649730,,,100.0,0.056966580228,2.602603422064,,0.0003961283619661879,,,,,,0.0,0.0,0.0,0.054030689476,,,,,,,,0.0,0.0,,0.0
2024-05-02 07:09:25,29141695,100.0,100.0,100.0,0.074544275346,2.607989516849,,0.0004604238737935925,0.027070575274657817,,0.0,0.0,0.0,,,0.0,,,,0.00041393114318948753,,0.0058297454736934515,0.0,0.0,,0.0,0.0,
2024-03-30 06:56:04,28031921,100.0,100.0,,0.051667916239,,0.5547135951935248,,,0.0046186659133497674,0.0,0.0,,,,,0.061532776252,2.489983893375,0.6294764637932525,0.000658548506908478,0.026276184682449417,0.0056102091761152904,,0.0,0.0,0.0,,
2024-03-25 05:10:58,29435725,100.0,100.0,,,2.571550654084,0.5428017817740478,,0.028368597683083197,0.003899136920326998,0.0,,,0.0,0.0,0.0,,,0.6274087190687624,0.00048900472712996,,0.005673608068883333,,0.0,0.0,0.0,,0.0
2024-03-20 21:50:56,28726064,100.0,100.0,100.0,,2.474885201375,0.545470547524042,,0.025914800061611582,0.005998680974640883,,,,0.0,0.0,0.0,0.053545151267,,,0.0,0.029439429008985867,,0.0,,0.0,,0.0,
2024-04-21 11:14:51,28332138,100.0,,100.0,0.035857621265,,,5.53221415750921e-05,,,0.0,,,0.0,,0.0,,,,0.0002096949424711967,0.03655167172669997,0.0067536273766166405,0.0,0.0,0.0,0.0,0.0,0.0
2024-04-15 00:29:19,28379845,100.0,,,0.036902607093,,,,,0.006565416171080912,0.0,,,0.0,,0.0,0.0,4.763506938598,0.6643239488573269,,,0.0073232159022944485,,,0.0,0.0,0.0,0.0
2024-04-19 21:52:14,27387003,,,,0.011652136341,1.95404136787,,0.0,0.00633346751535048,0.0047801749877526035,,0.0,,0.0,0.0,0.0,0.004792116306,2.437139743013,,,0.027703847068890296,0.0072754553052992174,,,0.0,0.0,,0.0
2024-03-19 06:57:55,26338330,100.0,,100.0,0.0,3.790968423054,,,0.023799859033656244,0.003898408004525283,0.0,0.0,0.0,0.0,,,0.004335324365,2.989511762302,,0.0,0.03812990143533874,,0.0,,,0.0,,
2024-05-02 11:29:33,27633617,,100.0,,0.035864764368,5.993415050425,0.5825761364927571,,0.03149379346571013,0.005924788712297642,0.0,0.0,0.0,0.0,,0.0,0.0,4.96714227779,,,,0.008384213388509105,0.0,0.0,0.0,,,
2024-04-29 23:06:38,29653096,100.0,,100.0,0.042574473417,,,,0.025457286226545892,,0.0,,,0.0,0.0,,,,,0.00017762853598996095,,,,0.0,,,0.0,0.0
2024-04-21 05:27:20,27423805,,100.0,100.0,0.021735104781,2.718764711262,0.5410790233309614,,,,0.0,0.0,0.0,0.0,0.0,,,,0.6399651841792603,,0.025518614336492267,0.004540508578310618,0.0,,,0.0,0.0,0.0
2024-04-29 09:32:51,27650908,100.0,,,0.013018258932,2.616974906105,,7.234754916511519e-05,,0.0038649722653005475,0.0,,0.0,,,,0.050927434611,,,,,0.006079805077825833,0.0,0.0,0.0,,,0.0
2024-03-15 14:33:15,27746246,,,100.0,,3.526140092447,,,,0.005011487322634127,0.0,,0.0,,0.0,0.0,0.0,,0.6204421516526508,,0.03680011729588324,0.0046260397137904965,0.0,0.0,,0.0,0.0,
2024-04-13 17:58:21,29653096,100.0,100.0,,,2.514346983082,,0.0003479014501762345,,,0.0,0.0,,,,0.0,,3.956113588311,0.6359080321626464,0.0006815521782331576,,0.005818004064043303,0.0,,,,0.0,0.0
2024-04-17 10:07:35,27089609,,,100.0,,2.610973476135,,0.0004488860670227625,,0.005420334526825034,,0.0,,,,,0.063978231786,3.954421514122,,,0.038347429425594846,,0.0,0.0,0.0,,,
2024-05-01 16:05:10,28003620,100.0,100.0,100.0,,2.654661168087,0.4847387894593123,,0.024323306233968212,0.005881430376265595,,,,0.0,,0.0,0.0,,,,0.03078170524366841,0.005635230168160358,0.0,0.0,0.0,0.0,0.0,0.0
2024-04-25 12:53:21,26842586,,100.0,,0.033571334621,,0.5252035958193939,0.00042726501740841094,0.026881055413750805,0.005552077979748098,,,,,0.0,,0.009687963197,,0.6524596232423183,0.0,0.028856721717749792,0.007931970619396147,0.0,0.0,0.0,0.0,,0.0
2024-03-22 02:05:28,27549019,,,100.0,0.009496217676,1.202033072173,0.4164385748255148,,0.008189338092775042,,0.0,,,,0.0,0.0,0.0,1.478541583608,,,,,,,0.0,0.0,0.0,0.0
2024-05-05 12:28:48,29347823,100.0,,,0.027252009731,5.365702049761,,2.1159597221526876e-05,0.05015597680350136,0.006687460441837602,0.0,,,0.0,,0.0,,,0.6812689294028115,,0.04741127304030768,,,,0.0,,0.0,
2024-03-21 21:01:13,26472884,,100.0,,0.020733029609,0.944482766261,,,0.012205697438803429,0.00577211924441834,0.0,0.0,,,0.0,,,2.421637242423,,0.00020279649989783096,,,0.0,,0.0,,,0.0
2024-05-03 15:14:59,28232975,,,100.0,0.04913980485,,,,0.02761262154451329,,,0.0,,0.0,0.0,,0.050479577871,4.255600005428,0.650777612676467,,0.03995397721983767,0.007577209517835869,0.0,,0.0,0.0,,0.0
2024-03-31 01:44:34,27187641,100.0,100.0,,,,0.5276543529536744,,,,0.0,0.0,,,0.0,0.0,0.0,1.800026314799,,,,,0.0,,,0.0,,
2024-04-30 03:12:53,28667021,100.0,100.0,,0.068488249033,,,,,0.004234320418874013,,,0.0,0.0,0.0,,,,,,,0.006845763720923562,0.0,,0.0,,,
2024-04-24 12:42:59,27760245,,100.0,,0.020081675647,5.645092740216,0.572063927667944,,0.04028957277041446,0.0062477024769766,,0.0,0.0,0.0,,,0.003430953526,2.751332396228,,0.0003161286560887374,0.03119484249047442,,0.0,0.0,0.0,,0.0,0.0
2024-04-10 21:20:27,27257388,,100.0,100.0,,,0.5727317508026472,0.00029263560746318324,0.040101835936427715,0.006678426826621807,0.0,,,0.0,0.0,0.0,0.001200576284,,,0.0004306991256076807,0.03078012944226982,,,,,,,
2024-03-30 08:37:19,27426970,100.0,100.0,100.0,0.017494036564,,,4.9727048922485536e-05,0.011447143850021182,0.005726165008137206,0.0,0.0,0.0,,0.0,0.0,0.0,2.862335485361,0.6505453464806323,0.00038133992135494196,0.02537342173202008,,,,,,,0.0
2024-04-25 08:23:14,28524321,100.0,100.0,100.0,0.024662588872,3.446569552327,,,,,0.0,,0.0,,,,,,,0.0,,0.008263655162279343,,,0.0,0.0,0.0,0.0
2024-05-06 08:16:19,28566960,100.0,100.0,100.0,,2.555073429807,0.5231170584867942,,,0.005043726794410294,,,0.0,0.0,0.0,0.0,0.056320160594,,0.6443317367299765,0.0007210114020546382,0.03682490868047796,,,,,,0.0,
2024-04-16 10:45:40,28160533,,,100.0,,,,0.0003590518247357157,0.025122875798614365,,0.0,0.0,0.0,,,0.0,0.05826935525,3.252040448058,,0.0006346671128795145,0.04298601819480506,,,0.0,,0.0,0.0,
2024-04-27 21:13:24,27156157,100.0,,,0.07459764076,,,0.0006466352185675514,0.027254736829094354,0.006878517054450962,,,0.0,0.0,0.0,,,4.062944072391,0.6580963488709355,,,,,,,,,
2024-03-29 20:08:52,26841154,,100.0,100.0,0.022938454549,2.567682893573,,0.0,0.027461180629925024,0.004498966830441092,,0.0,,,,0.0,0.05359183958,2.984109374108,0.6332985572010505,0.0,0.025336944175497242,,0.0,0.0,0.0,,0.0,
2024-04-09 19:11:47,29508360,100.0,100.0,,0.024858671555,,,,0.027657132634951193,0.0027155048259062736,,,0.0,0.0,0.0,,0.047309391446,,,0.0003200164525779918,,,,,0.0,,0.0,0.0
2024-04-29 20:20:06,28096246,,100.0,100.0,0.073464605499,2.488855307411,0.5427745477404193,0.0003604327613207194,0.025770497922457163,0.005065700863286635,0.0,,,,0.0,,,3.173945777869,0.6456504658831782,0.000685269394220505,,0.0055683973241072654,0.0,0.0,,,0.0,
2024-04-06 04:41:09,28580726,100.0,,,0.06265909753,,0.5768351449332818,0.0003550566315539782,0.024516268343013143,0.005624524298976825,,0.0,0.0,0.0,0.0,0.0,0.051912380886,3.760943107315,,0.0007990833282409779,,,0.0,,0.0,,,0.0
2024-04-26 17:05:28,29072671,100.0,100.0,100.0,0.01644931845,5.222940734624,0.5484732532571385,0.00040893071380754443,0.037466815292392285,0.006448667768856128,,,,0.0,0.0,0.0,0.000895239477,4.536128129568,,,0.0408213931294436,,,,,0.0,,
2024-03-19 02:15:17,27445957,,,100.0,,2.631552270194,,0.00029248564856074075,,,0.0,0.0,0.0,0.0,,,,3.956519401226,0.6276849998325835,,0.031169637785728312,,,0.0,0.0,,0.0,0.0
2024-04-27 21:09:02,28464806,100.0,100.0,100.0,0.053201399496,,,0.0005240652983335515,0.02561096802703331,0.004592321706227003,,,0.0,0.0,,0.0,0.062569572103,3.461755054141,,0.0007419678595596632,,0.006502382056510142,,,0.0,,0.0,0.0
2024-04-30 23:36:42,27982423,,100.0,100.0,,2.634340770165,0.546628088472085,,0.027142800341863935,,,0.0,0.0,0.0,0.0,,0.051960746967,3.166682509987,,,,,0.0,0.0,0.0,0.0,,0.0
2024-04-22 03:21:41,28371712,,100.0,100.0,,,0.5262830537434231,0.0003585574007162231,,,0.0,0.0,0.0,,0.0,,0.049331281745,3.571375516456,0.6457379378109624,,0.05032189479211751,,0.0,,0.0,,0.0,
2024-03-08 18:36:27,26921212,100.0,,,,4.793720645406,,,,,,,,0.0,,0.0,,3.766761136149,0.65724695039496,,0.03667285709681974,,,0.0,,,0.0,0.0
2024-04-26 20:47:02,27355725,,100.0,,,2.574243517544,0.5219789431831988,0.0008182832162415735,0.026745092782525726,,0.0,0.0,0.0,,0.0,,0.055557307589,3.648360409274,,0.000481051914444969,,0.007582087743419685,,0.0,,0.0,0.0,
2024-03-20 17:22:36,27585219,100.0,100.0,100.0,,,0.5283789583219821,,,0.004967319886114033,,,0.0,0.0,0.0,,,,0.699566187954499,,,0.005989644688809904,0.0,0.0,0.0,0.0,0.0,0.0
2024-04-02 21:02:44,28272783,,,100.0,0.020253583302,,,0.0006729632672490239,0.02573224997936319,0.004832265122367413,,0.0,,0.0,,0.0,,,0.6350170126509316,0.0,0.026366991128590266,0.006444190475303255,0.0,0.0,0.0,,,
2024-03-06 17:11:42,27579066,100.0,,,0.0553284797,2.630739642298,,,,,0.0,0.0,,0.0,0.0,,0.052369459061,,,,0.04786230311917084,0.007681943745737193,0.0,,,0.0,,0.0
2024-03-01 12:15:30,26689349,,,,0.035367885429,,,0.0009348927911414337,,,,,0.0,,,0.0,0.058700793557,,,,0.03150762633553937,,,0.0,,,0.0,0.0
2024-05-06 08:16:19,26563300,,,,,,0.5395990835954662,0.00061510392893638,,0.0071638830087631545,0.0,,0.0,,,0.0,0.058881062863,,,,,0.005633995782878785,,0.0,,0.0,0.0,
2024-04-19 17:14:14,28355630,100.0,100.0,100.0,,2.451927750187,,0.0007263814143053734,,0.005054748591395535,0.0,,0.0,,,0.0,,3.584156339832,,0.0008429287016729812,,,0.0,0.0,,0.0,0.0,
2024-04-05 05:39:20,29653096,100.0,100.0,,,,,0.0006128558220368485,,0.005318621911396462,,0.0,0.0,,,0.0,0.0,2.495980034758,,,,0.00573574801915703,0.0,0.0,0.0,,,
2024-03-27 10:27:20,29580765,100.0,100.0,100.0,,1.424006316773,0.1791544631762477,0.0002165919900256144,0.002725298386463562,0.004324870140992378,0.0,0.0,,,,0.0,,,0.5464059454223356,,0.01717205276208019,,0.0,,,0.0,,
2024-03-14 14:48:33,26846164,,,,0.048671729375,,,0.0007650587860490732,0.0270620040453518,0.004146228492573198,,,,,0.0,0.0,0.060008906486,3.511049145428,,,0.03288858172706502,,0.0,0.0,0.0,0.0,,0.0
2024-03-17 19:55:49,28598774,,100.0,,,2.485970100166,,0.000303732220155109,0.02385153873697328,0.005507215945629112,,0.0,0.0,0.0,0.0,,0.004379276472,,0.6301673240818595,,,,0.0,0.0,0.0,0.0,0.0,0.0
2024-03-25 08:10:07,27062599,100.0,,,0.013434457739,2.501022067614,,,0.02532910980042122,0.0039597311610715235,,0.0,0.0,,0.0,0.0,0.002021870686,2.564274655703,,,,,0.0,0.0,0.0,,,
2024-03-24 19:03:42,29653096,,,100.0,0.049629386673,,,0.0005052109864085092,,,,0.0,0.0,0.0,0.0,,,3.487910643217,0.649095340992705,0.0001651712790565631,0.024744631177841717,,,0.0,0.0,0.0,0.0,
2024-02-28 22:46:59,27527014,,100.0,,,2.505253525718,0.5841976777086239,,0.02690111048397059,,,0.0,,0.0,,,,3.205690474512,,,0.028469375273532795,,,0.0,,,,
2024-04-28 12:12:34,27046967,100.0,100.0,,,2.63677042267,,,,,0.0,0.0,,0.0,,0.0,,,,0.0004398860708285509,0.037014254845112574,0.007929959666801272,0.0,0.0,0.0,,0.0,
2024-04-26 09:24:57,28332079,,100.0,100.0,0.066353848603,2.568851932779,0.5044276323264676,,0.025122733210269196,0.005727111802659299,,0.0,,,0.0,,0.061514711115,,,,,0.006018124245123955,0.0,0.0,,,0.0,0.0
2024-03-21 10:06:17,28410153,100.0,,100.0,0.014201469018,,,0.0,0.023061410431694282,,,0.0,,0.0,,0.0,0.0,,0.6379225605840646,0.00016829563234575657,0.02878198874345879,0.007151259543207981,,,0.0,,0.0,
2024-03-02 07:52:13,26864095,,100.0,,,,,0.0005317650766220871,,,0.0,,0.0,0.0,,,0.052108222189,,,0.0,,,,,0.0,,,
2024-04-06 16:57:34,26664154,100.0,,100.0,,,,9.233005709967704e-05,,0.004528211440590174,,,,0.0,0.0,,0.055191881689,2.928453177743,,,0.020889416162638216,,0.0,,0.0,0.0,0.0,0.0
2024-04-23 04:38:53,28306001,100.0,,100.0,,,0.5770680031716333,,,,,,0.0,0.0,0.0,0.0,,,,,0.036534034308459765,,,,,,0.0,
2024-04-15 11:42:31,26395788,,,,0.07241088293,,0.5208419313231754,,,0.0062976141153135295,,0.0,,0.0,,,0.060095556078,,,,,,,,,0.0,0.0,0.0
2024-03-19 03:07:48,27127134,,100.0,100.0,0.023286252792,4.319202734699,,0.0008138146128725311,0.028254512375915045,0.006528035383860485,,0.0,0.0,,0.0,,,3.325087184141,,,0.03595746616858166,0.006649914370086576,0.0,,0.0,0.0,,0.0
2024-04-21 00:15:24,29178554,,100.0,100.0,0.060249260096,2.689454304725,0.4714806994983802,,,0.003742795759713891,,0.0,,0.0,,0.0,,,0.6520753690529776,0.0006583267072889777,,0.006183781806406458,0.0,0.0,0.0,0.0,0.0,
2024-05-06 08:16:19,28687068,100.0,,,0.016714278623,3.972652905947,,,,0.006145051841823683,0.0,0.0,,,0.0,0.0,,,0.7029771318350575,0.00024455390488101723,0.03041174937337817,,0.0,,,0.0,0.0,0.0
2024-04-05 01:52:39,26605819,,,100.0,0.002478030106,,,4.250839419563064e-05,,,0.0,,0.0,0.0,0.0,0.0,,1.547251936788,0.40180626622177573,,,,0.0,,0.0,0.0,0.0,0.0
2024-05-04 10:07:28,28614473,,100.0,,0.01356915731,6.387202658649,,,0.026227207386788447,,,,0.0,,0.0,0.0,0.0,4.767572292646,,,0.03346923510106788,,,,0.0,0.0,,
2024-04-21 03:35:42,27516836,,,100.0,0.044051362069,,,0.0007007516844112296,,0.003942747790949415,0.0,,,,0.0,0.0,,,0.6670841150109177,0.00039120628196855333,0.03681910621439065,0.005566275545292894,0.0,,0.0,,0.0,
2024-04-25 03:57:17,26342748,,,,0.053835374226,2.543998175108,0.524854537360896,0.000375669999427772,0.02697100426703993,0.005265659970906426,0.0,,0.0,,0.0,0.0,0.060677670418,3.483347533095,0.6406025117958075,0.0005268822756578022,0.03636928679356354,,,0.0,,,,0.0
2024-04-26 04:45:14,26070521,,100.0,100.0,0.01085076348,,0.532209107021554,,,,,,,0.0,0.0,,,,,0.00012185319617305027,,,,0.0,0.0,0.0,0.0,0.0
2024-03-26 14:02:11,29349555,,100.0,100.0,,2.721956238154,,,0.02607428054114518,,0.0,0.0,0.0,0.0,0.0,0.0,0.0,,0.6554733494439517,3.817076002314687e-05,,,0.0,,0.0,0.0,,
2024-04-05 17:36:10,28178116,,,100.0,,,0.4993844563817918,0.0,0.00769260859158646,0.005922912096712352,,,,0.0,0.0,0.0,0.0,,,,0.025198191403741764,,,0.0,,,0.0,0.0
2024-03-18 05:32:32,27309653,,100.0,,0.037924506517,,,,,,0.0,,0.0,0.0,,,,4.188726387244,0.6293771089499796,,,0.006994950263266768,0.0,0.0,,,,
2024-04-19 08:03:03,27043746,,100.0,100.0,,,,0.0006332613324674336,,0.006019162345792324,,,0.0,,0.0,0.0,0.058755930903,3.353798407128,0.6410688415919976,0.000354642581602669,,,0.0,,0.0,0.0,,
2024-04-27 18:29:19,27976453,,100.0,100.0,0.00380331282,4.743028598737,,,0.04692310939537152,0.006889907792141171,,,,0.0,0.0,0.0,0.002315938467,3.179355777275,0.6661574594698598,6.038593041016841e-05,0.029848143708949504,,,0.0,0.0,,0.0,
2024-03-23 18:06:54,28292261,100.0,100.0,100.0,0.022459974061,,0.44599171653830044,,0.01518549186761414,0.005426512297354904,,,0.0,0.0,0.0,0.0,,1.324185123728,0.5270910842939484,0.0,0.017789847755416074,0.007047742220330588,0.0,,0.0,0.0,0.0,
2024-03-20 22:38:48,27369576,100.0,100.0,,,2.616982578875,,,,0.00482560737233553,,0.0,,0.0,,0.0,0.006459431738,,0.6276255667455432,,,,0.0,0.0,0.0,,0.0,
2024-03-13 11:10:18,27330271,100.0,,100.0,0.041464804968,2.690458325335,0.5223423395420917,,,,0.0,,0.0,0.0,0.0,0.0,0.0,,0.6245644241468198,,0.03165824810268427,0.006066873554018527,0.0,0.0,0.0,,,0.0
2024-03-27 23:55:44,29653096,100.0,100.0,,,,0.5369616159439715,,,,,0.0,0.0,0.0,0.0,,,,0.5706313952505863,,0.022599019710378,0.006335757170165461,,0.0,,,0.0,
2024-04-26 22:54:56,28134596,,,,0.060383725553,,0.5878861827459219,,,0.006570104503505262,0.0,,,,0.0,0.0,,,0.6475851036927258,,0.045098562742186446,,0.0,0.0,0.0,0.0,0.0,
2024-05-06 08:16:19,28031165,100.0,100.0,100.0,0.010070725367,4.552968448235,0.5385998857360091,0.00010107133873125886,0.025879154756752707,0.003913424223209918,0.0,0.0,0.0,,0.0,0.0,0.0,3.939649781417,0.618141343746742,,0.04156993816795254,,0.0,0.0,0.0,0.0,,
2024-04-21 10:21:29,29653096,,100.0,100.0,,,0.5131113106185786,0.0006042732528337084,0.02455942764629463,,0.0,0.0,0.0,0.0,0.0,,0.057135631728,,0.6376690368086686,0.0005630579837474674,0.03116012357443262,,0.0,0.0,,,0.0,
2024-04-04 17:36:39,28307179,,,100.0,,1.304275591322,,0.0,0.010897152383417411,0.0035961143141589064,0.0,,0.0,,,0.0,0.000300773168,,,,0.015787826277410873,,,0.0,0.0,,,
2024-04-24 14:05:12,27225895,,100.0,,,2.530993421207,,,,0.006924230176678721,0.0,0.0,0.0,0.0,,0.0,0.060504191021,,0.6209329022842611,,,0.005921314013808564,,,0.0,,,0.0
2024-03-20 14:15:21,26064302,,100.0,,,2.598815223036,,0.00020271201991599867,,,,0.0,,,,,0.004171442509,2.014716922399,0.6168185190907661,0.0,,0.006060404617360377,,,0.0,,,0.0
2024-04-20 22:18:49,26781419,,100.0,,0.044517674505,3.75931479879,0.5823453316855428,,,0.007847308594618555,,,,0.0,0.0,0.0,0.0,,0.6592098492393766,0.0003665693414167643,,0.008782888272346369,,,0.0,,,
2024-04-20 21:24:00,27898287,,100.0,,,2.617815814095,,,,0.005060798446297381,,0.0,0.0,0.0,0.0,0.0,0.017057490667,,0.6096305399993701,,0.033007610549946435,0.007374796948380264,0.0,0.0,,,0.0,0.0
2024-05-01 12:33:48,27662383,,,100.0,,,0.5448271759037178,,,0.0064131621171404024,0.0,0.0,0.0,0.0,,0.0,,,,,0.028086974585667425,0.007049305697806296,,,0.0,0.0,,
2024-03-20 06:01:31,29143669,,,100.0,0.022502386411,2.665428659255,0.5535731096634685,0.0004997458679208485,,,0.0,0.0,,,0.0,,0.052657591112,,,0.000315667044276634,0.038036760560459196,,,0.0,,,,0.0
2024-04-04 16:44:01,26424908,100.0,,,,4.240009718987,,0.0,,0.006542601204126329,,0.0,0.0,,0.0,0.0,,,,,0.03782688995558626,0.008411033614057732,,,,,,0.0
2024-03-30 14:00:39,28184875,100.0,100.0,,,,0.5509434368355467,0.00024053347675594844,,,,,,0.0,,0.0,,,,,,0.005341624421923893,0.0,0.0,,0.0,,0.0
2024-04-05 03:20:22,27673523,,100.0,100.0,0.028718013823,,0.5325452903684669,0.00015567159791989412,0.027824309858424944,,,0.0,,,,,0.0,,0.6585225485482946,0.0,0.020019853160025455,,0.0,,0.0,,,
2024-05-03 01:44:18,25816446,,100.0,100.0,0.058669912942,,0.560059435588906,0.00042105606827553215,,,0.0,,,,,0.0,0.054353463871,3.181993965624,0.6427844271629654,,,0.006166795318937827,,,0.0,,,0.0
2024-03-13 07:00:30,29071000,,,100.0,,,,,0.02557405373889279,0.004188513821852912,,,,0.0,,,0.0,1.764259555806,,0.0004501891064402365,,0.005090765335833086,0.0,0.0,,,0.0,0.0
2024-04-04 08:45:08,29419187,,100.0,,,2.571196356952,,0.0005240024552936966,,0.006301011373445171,0.0,,,,0.0,,0.06288854325,,0.6122427317321194,0.0005020794494720925,,,0.0,0.0,0.0,,,0.0
2024-04-28 14:27:59,28017918,100.0,100.0,,,,0.5275317298454447,7.83971757978341e-05,0.025535725043461018,0.005202153904785166,,0.0,,,0.0,0.0,0.057682635181,2.829814739377,,,0.032441749351712755,0.00675474983548952,,0.0,0.0,,0.0,
2024-04-12 05:20:22,28299227,,,,0.0,0.655349816361,,0.0,,0.004449582691532353,,0.0,,,,0.0,0.0,,,7.705798220336828e-08,,0.0040852668753891385,0.0,,,,0.0,
2024-04-23 10:54:43,27120681,100.0,,,,,,0.0008040712905772818,0.023850581314368218,,,0.0,0.0,0.0,0.0,,0.050204513361,,,,0.04083584175440422,0.008247799390825344,,0.0,0.0,0.0,0.0,
2024-04-18 08:24:08,29050201,100.0,,,0.033853962017,2.720421147829,,,,,0.0,0.0,,0.0,,0.0,,,0.6496964687426887,0.00031678655959669526,,0.0054611097525811714,,0.0,,0.0,0.0,
2024-03-21 05:07:41,28519361,100.0,,,,2.672312837162,,0.0009744162290452735,0.026701763592217726,0.0067840825494230594,0.0,0.0,,,0.0,0.0,0.06387034246,3.536698938094,,0.0004961640893285656,,,0.0,,,,,0.0
2024-04-24 19:20:22,26575009,100.0,100.0,,,2.738416877661,0.5466241430549006,,0.02680542117942881,0.0057469468374893385,,,,,0.0,0.0,0.053650078435,,,0.0002747665131940892,,0.007248737870197314,,0.0,,,0.0,
2024-02-28 22:46:59,28608474,,100.0,100.0,0.054812587873,2.721751247475,,,0.02863052008626355,,,0.0,,0.0,,,,,,0.0004924968700938963,0.02905206263632136,,,,,0.0,,
2024-04-26 06:08:15,27249539,100.0,,100.0,,,,,,0.00602031667974751,0.0,,,,,,,,0.8249495093902924,3.773541083931277e-05,,,,0.0,0.0,0.0,0.0,0.0
2024-03-25 02:44:13,28011162,,,,,,0.5047005924330322,0.0,,,,0.0,0.0,,,0.0,0.005356183967,5.414917511474,0.6369315059678731,,0.0541277993732758,0.005584182404452628,,0.0,0.0,,0.0,0.0
2024-03-28 22:44:06,29653096,100.0,100.0,100.0,,2.728594455079,0.47956473962993773,0.00017005195866738924,,0.004375148060596368,,0.0,,,,0.0,,2.23457804532,0.6219392072207329,,,0.004849478378769539,0.0,0.0,0.0,,0.0,
2024-04-01 10:47:54,25372659,,100.0,100.0,0.026887950362,2.504022329433,0.5005790673024618,0.0,,0.004086755357716361,,,0.0,0.0,0.0,0.0,0.003330554775,1.529779699564,,,,0.004923341014667982,0.0,0.0,,,0.0,0.0
2024-03-22 19:52:04,26711489,,,,,5.039355064257,0.27660771591172817,,,,,0.0,,,0.0,,0.003597470703,1.970207471758,0.4525627210548153,0.00013479892838339335,0.016461846416030934,0.005048676508722624,0.0,0.0,0.0,,0.0,0.0
2024-04-25 16:08:52,27646794,,100.0,,0.06402136037,2.610433162944,0.4739256360020972,,0.02490663824159103,0.0043620617119171,0.0,0.0,0.0,,0.0,0.0,0.070477948962,3.488038773307,,,0.03510145244479927,,,0.0,0.0,0.0,0.0,
2024-03-31 15:44:47,27867038,,,,0.040724683274,,,,,,0.0,,,0.0,0.0,0.0,0.059182334122,2.374288256987,,,0.028241659205545232,0.004792679397819127,0.0,,0.0,,,
2024-05-04 09:31:05,27901154,,100.0,,0.051550829056,,,0.0007851217341302357,,0.006167635180037163,0.0,0.0,0.0,,0.0,,0.051398555108,3.954563410895,,,0.041897359481469644,0.0056144166411845765,,,,0.0,,
2024-04-28 21:24:18,26365213,100.0,100.0,100.0,0.039092626533,2.55001521981,,0.0008098070576767094,0.02693586101958775,,0.0,,0.0,,0.0,,0.050307146098,,0.6397751020943973,0.00028008202788848576,,0.0066057497563188905,0.0,,0.0,0.0,,
2024-04-26 18:56:44,26938207,100.0,100.0,100.0,0.052079154387,,0.5746726672697973,,0.025180415605942957,,0.0,0.0,,0.0,,0.0,0.055048211954,,,,0.031693504422723666,0.005703076962488749,0.0,,,,,0.0
2024-04-21 09:53:02,27416605,,100.0,,,,0.5369660418456357,0.0,,,0.0,0.0,0.0,,0.0,,0.0,3.238587656421,,,0.028550453739562706,,0.0,0.0,0.0,,0.0,
2024-04-19 19:24:38,28877853,,,100.0,0.002443078913,2.558854405543,0.5504681447940348,,0.026484667502452746,0.006477177777193269,0.0,,0.0,,0.0,,0.0,1.394748769997,,0.0,,0.006540346739517659,0.0,0.0,0.0,0.0,0.0,
2024-04-23 03:47:16,29653096,,,100.0,,,0.5438143145676564,0.0003908361026633584,0.025519639059910153,,0.0,,0.0,0.0,0.0,0.0,0.055119490594,3.173955121446,0.6383015507514758,0.0006632266754369412,0.034826870753993426,0.006908622953672658,0.0,0.0,,0.0,,
2024-04-15 02:53:07,26775282,100.0,,,0.0,,,,0.03604919900449721,0.0077005124204985766,0.0,0.0,0.0,,,,0.01067300158,,,,,,,,,0.0,,0.0
2024-04-24 22:38:38,29508141,100.0,,,0.013053410891,4.544080614027,,0.0,,,0.0,,0.0,0.0,,0.0,0.004650432594,3.956019428701,0.5969890510420438,,,0.006633833184235217,,,0.0,,0.0,
2024-04-13 03:33:17,28321891,,100.0,,,,,0.0,,0.004369550238438956,,0.0,0.0,,,0.0,0.0,1.353986742987,,0.0,,0.006378443270976691,,,,0.0,,0.0
2024-04-16 09:27:55,26883602,,,,0.01437294226,3.39253019634,0.5055537642043236,,0.03324691663268706,0.005042858555697009,0.0,,0.0,0.0,0.0,0.0,,,0.40458310713914825,,,,0.0,0.0,,0.0,,0.0
2024-03-11 13:50:23,27778007,100.0,,,0.018737469721,4.925088299413,,0.0,,,0.0,0.0,0.0,,0.0,0.0,,3.090357914872,0.6345331433478427,,,0.006697125466845625,,,,,,0.0
2024-03-06 19:15:02,27770215,100.0,100.0,100.0,0.032645212618,2.499822275604,,0.000310701737731091,,,0.0,0.0,,0.0,,,0.041884314478,3.244077502061,0.6235127575092864,,0.04311387623504763,,0.0,,0.0,0.0,,
2024-05-01 07:32:36,26287694,100.0,100.0,,,,,,,0.004790939354145861,,0.0,,0.0,0.0,,0.000215384477,,,,0.02123645262555456,,,,0.0,0.0,,
2024-03-09 11:55:31,28712171,,,,,,,,0.02676817892345246,,0.0,,,,0.0,,,2.127620836823,,0.0,0.01946221563347629,,,0.0,0.0,0.0,0.0,0.0
2024-04-15 16:22:05,26673389,100.0,,100.0,0.047294378557,2.588325855373,,,0.024433233470692584,0.005107689760580512,0.0,0.0,0.0,0.0,0.0,,0.061910951231,2.671266333944,,0.00014951576442857065,0.030707469645556332,0.007360081819904996,,0.0,,0.0,0.0,0.0
2024-03-20 11:09:54,27877016,,,100.0,0.039011026697,2.549892380364,,,,,0.0,0.0,0.0,0.0,,,,3.73024263464,0.6426548833311595,,,,,0.0,0.0,0.0,0.0,0.0
2024-03-13 11:28:00,29653096,100.0,,,0.054308113644,2.534464354058,,0.0005137654591798704,0.02470039470625423,,0.0,,,0.0,,,0.059466473772,3.086491032302,,0.00033165820434577026,0.033839021728548746,,0.0,0.0,,0.0,,
2024-04-20 14:45:31,28068276,,100.0,,,,0.5307514588761505,0.0007341598447396669,0.026877016634591896,0.0046735960901004205,,0.0,,,,0.0,,3.823127558722,0.647695850372412,,0.03481210990621949,0.004712315023462182,,0.0,,0.0,,0.0
2024-04-21 00:10:47,27957467,100.0,,100.0,0.046279997528,,0.5212982084301034,,0.023185617911102144,0.005039036253061067,,,0.0,0.0,,0.0,0.001256336618,,0.6521282909410393,0.00024313222575407306,0.03354861302686837,,0.0,0.0,0.0,0.0,0.0,0.0
2024-04-14 13:45:06,27031622,,,,,2.560117661604,,,0.027088555300589463,0.003951926882008761,0.0,0.0,0.0,,0.0,0.0,0.055121889738,3.06828543345,,,,,,0.0,0.0,0.0,0.0,0.0
2024-04-08 23:20:02,29559620,100.0,,,,1.310579640858,,0.0001518625595348535,0.010616032362310557,,0.0,,0.0,,0.0,0.0,0.008656844549,3.273098864592,0.4814252091356296,,,,,0.0,0.0,,,
2024-04-21 05:34:48,27157620,,,,0.012212600856,,0.5447170192076916,9.93753226382305e-05,0.03947441555230118,,,,0.0,0.0,,0.0,0.017660289938,3.865060419192,0.663683945506706,,0.043706036202003376,0.006525371173403821,,,0.0,0.0,,0.0
2024-04-27 15:16:42,26992624,,100.0,100.0,0.042053039633,,0.541654898970343,,,0.006662845806769048,0.0,,,0.0,,,,3.138406198874,0.6339970304568207,0.0002668576987643727,0.015852551489661706,0.006894726522080605,,,,0.0,,
2024-04-26 12:14:04,27676540,100.0,100.0,,0.03867072053,,,,0.025376336026844658,0.00556559797743026,0.0,0.0,0.0,0.0,0.0,0.0,0.057445837283,,,0.0003620088336390996,,0.005773335698950707,,0.0,,,,
2024-04-27 20:05:55,27719027,,100.0,100.0,0.069385741649,,0.5654831301111046,,,0.005728693754048897,0.0,,0.0,,0.0,0.0,0.052281787746,2.937978214912,,0.0010866614889566662,0.034191711342481806,,0.0,0.0,0.0,,0.0,0.0
2024-04-12 11:38:55,28280561,,,100.0,0.012300497831,0.419368167749,,0.0,0.010211026644519129,,0.0,,0.0,,0.0,0.0,,1.077434803955,,,0.011248254437504664,,,0.0,,,0.0,0.0
2024-04-13 07:16:12,29653096,,100.0,,,,0.596582827028257,0.000516992785440258,0.026379579697639925,,,0.0,0.0,,0.0,0.0,,,0.6610590812947894,,,,,0.0,0.0,0.0,,0.0
2024-04-24 05:34:10,26707647,100.0,100.0,100.0,0.065525973371,,0.5721588627369649,,,0.0047555927170085934,0.0,,0.0,0.0,0.0,,,3.288843565705,,,,0.0059799508467145435,,,,0.0,,0.0
2024-04-12 22:16:26,25895809,,100.0,100.0,,2.526884104383,0.525329095377291,,,0.005532646607883147,,0.0,,0.0,0.0,,,1.965854831024,,,0.023332001791800144,0.0065002947187803245,,,0.0,0.0,0.0,0.0
2024-03-06 10:38:00,27427957,100.0,,100.0,0.016468304519,,,,0.06268814411075883,,0.0,,,0.0,,0.0,,5.112267154895,0.5890287333687391,0.0,,0.006536507753084033,,0.0,0.0,0.0,0.0,
2024-03-26 21:36:28,27345257,,100.0,100.0,,,0.2676753422041083,0.0,0.01096810925113727,0.0030503437321019755,,0.0,0.0,,0.0,0.0,,1.596436354746,0.4218155262858382,0.0,0.02077133285646514,0.0044815386892121676,,0.0,,,0.0,0.0
2024-04-30 20:01:50,29176640,100.0,,,0.041380449864,,,0.0006181142628774422,,,,,,,,0.0,0.058328883367,3.631449307091,0.6375109538078317,,,,,0.0,0.0,0.0,,
2024-04-14 09:55:45,29653096,100.0,100.0,100.0,,,0.5873204816363238,,0.02614125770861005,,0.0,0.0,,,0.0,,0.062280654581,4.453284641519,,,0.04671770607068893,,,,,,,0.0
2024-04-18 10:15:13,28152922,100.0,100.0,100.0,0.026150628827,3.600979705877,0.5767134449310967,,0.026297727183143646,,,0.0,,0.0,0.0,0.0,,3.516534071485,,0.0004888128294630102,,,0.0,0.0,,0.0,0.0,0.0
2024-04-28 19:39:40,28069896,100.0,,,0.066668580988,2.493907223811,,,0.024874323766709776,,,,,0.0,,0.0,0.056516504641,3.186631284554,,,,0.005219790187336523,0.0,0.0,0.0,,0.0,
2024-04-15 20:52:56,27930896,,,,,,0.6033229295428575,0.0,,0.00711041157696155,0.0,0.0,0.0,0.0,0.0,,0.001617162326,,,,0.029685563520707618,,0.0,0.0,,,0.0,
2024-04-28 06:33:14,27862480,,100.0,,,,,,,,0.0,0.0,,,0.0,,0.059960744423,3.548735992503,,6.678927336197326e-05,0.030437852040287008,0.00761261779043124,,0.0,,0.0,0.0,0.0
2024-03-06 21:09:43,26859602,,,100.0,,5.210304553304,0.5937577504906268,,,0.006107072242840383,0.0,,,,,0.0,0.002893389067,,,8.96402781162225e-05,,0.006712937027320988,,0.0,,,0.0,0.0
2024-03-22 02:31:24,27520297,100.0,100.0,100.0,,2.514965929603,,,0.027254863346961727,,,0.0,,0.0,0.0,,0.061655027974,,0.6662790928907174,,,0.005975936517950913,,,,0.0,,
2024-04-24 04:13:52,28318959,,,,,2.614312043799,0.5186243557241392,,0.02584712777037183,,0.0,0.0,,0.0,0.0,,,,0.625811698621748,,,,,0.0,,0.0,0.0,0.0
2024-04-22 21:58:42,27228964,100.0,,100.0,,2.564237781344,0.5464922800831685,7.668477697161106e-05,,0.00590961768813245,,0.0,,0.0,0.0,0.0,,,0.6510507123006448,,0.03449540280024658,0.007323176581183899,,0.0,,,0.0,0.0
2024-04-06 04:04:54,27894128,100.0,100.0,,0.006729142038,,0.0424472397469034,,0.012766462542983258,,,0.0,0.0,,,,0.0,,0.4166164102575899,,,,0.0,,,0.0,0.0,0.0
2024-04-21 13:42:16,26784589,,,,,,0.4863561001628872,0.00014303754963129414,0.044024359415543224,0.004558163243891337,0.0,,0.0,0.0,0.0,,0.005649601482,2.593717373185,0.6401195887787375,,0.025502234163133446,0.005687639654650782,,0.0,,,,0.0
2024-05-01 11:41:45,28651999,100.0,,100.0,,,,0.0003785038526094521,,,0.0,0.0,0.0,0.0,,,0.059336233154,4.126350555425,0.6703780696867111,,0.038430946048806376,0.007153498223140237,,0.0,,0.0,,0.0
2024-03-26 23:23:40,28534269,100.0,100.0,,0.026293075518,2.760471569569,0.5448668220464167,0.00024261235910654034,0.02482811163819805,,0.0,,,,,,0.003060274747,2.356776686191,,0.0,0.017846817940991588,0.0058348565017021115,,0.0,0.0,0.0,0.0,0.0
2024-04-19 02:09:43,28517734,100.0,100.0,,,3.934467497066,0.5868443224558693,0.0007648249966656722,,,,,,,,0.0,,,,0.0003669069931607213,,,0.0,0.0,,0.0,0.0,0.0
2024-03-27 14:12:57,28362506,100.0,100.0,,0.001935581904,,,,,0.003036665535773853,0.0,0.0,0.0,0.0,,0.0,,1.471274291015,0.3880067610247722,,0.021831041217267064,,0.0,,,,0.0,0.0
2024-04-18 04:09:13,27464901,100.0,100.0,100.0,0.0,1.220013090376,,,0.012810951437625772,0.004487488622502687,,0.0,,0.0,,0.0,0.001670681569,0.795060321793,0.5597409454489035,0.0,0.008467209143439066,,0.0,0.0,0.0,,0.0,0.0
2024-03-28 07:10:08,29001098,,,,0.0,1.527027104506,0.23674360494734661,,,0.0035479488896738394,0.0,,,0.0,,,,,0.5873652032630694,0.0,0.013924794330500728,0.0032236321560839085,,0.0,0.0,,,0.0
2024-03-27 09:13:30,29193365,100.0,,100.0,0.056050757366,2.684833111297,0.536922248049588,,0.024726767805259727,,,0.0,,,0.0,,0.063852179705,,,,0.028222094689779934,0.006000446665085707,,0.0,,0.0,0.0,0.0
2024-04-22 09:02:12,25469390,,,100.0,0.051071850177,,,0.0005246152389292312,0.024844889078724133,0.0050314203188388945,,0.0,,0.0,,,0.062769702919,,0.6388707711145627,,0.026177789822867132,,0.0,,,0.0,,
2024-04-26 01:33:28,29270815,100.0,,100.0,0.019864844789,,0.5484480670816315,0.00046269504604626863,0.0252771906436907,,0.0,0.0,0.0,,,0.0,0.055755944606,,,0.000558066081214389,0.028724583406847394,,0.0,,0.0,0.0,,
2024-03-29 10:54:14,28897884,,100.0,100.0,0.0,,0.26715361033649176,,,0.0037767482524175347,0.0,0.0,0.0,,,,,1.537272457492,0.45918700009042085,0.0,,0.004576196853081247,,,,0.0,0.0,0.0
2024-03-09 22:21:42,29168306,100.0,100.0,100.0,,4.727232986594,0.5486492341820554,0.0005091215126784832,,0.005913094812178374,0.0,0.0,0.0,,0.0,,0.0,4.465143912457,,,,,,,0.0,,0.0,0.0
2024-04-02 16:14:11,27090845,,,,,,0.5244500115303937,,,0.004882932330900875,0.0,0.0,,0.0,0.0,0.0,0.0,3.025091802126,0.6486009899623388,,,0.0054651108315151254,0.0,0.0,,,,0.0
2024-03-29 05:05:10,26185686,,,100.0,0.030087277748,,0.5226986245949272,5.538072290735372e-05,,0.005034805491452134,,0.0,,0.0,,0.0,,,,1.8227913046885656e-05,,,,0.0,,0.0,,0.0
2024-04-19 23:19:40,28039370,100.0,,100.0,0.00500043137,,0.6078536596611687,0.0,0.055920110417315594,0.007212528271754851,0.0,0.0,,0.0,,,0.00606279231,6.346478221972,,0.0,,0.00902602078588438,,,0.0,,,
2024-04-03 21:28:18,27138286,,100.0,,0.040375767531,1.137894143031,0.3704018741158251,0.00039804436561117183,,0.004675368256197377,0.0,,0.0,,0.0,0.0,0.0,1.781026355776,0.5726792620264448,0.00017887210335248985,,,,0.0,,,,0.0
2024-04-20 21:52:08,26715103,,,100.0,0.052054110669,,,0.000659710790008761,,0.005464614817179148,0.0,0.0,,,,0.0,0.054631199913,4.68801274895,0.6441361386563305,,0.03295254908122346,,,,,,,0.0
2024-04-22 12:01:12,27887700,100.0,100.0,,0.011420403101,2.688276174492,,,0.02598883688895418,0.005962929177661283,0.0,0.0,0.0,,0.0,0.0,0.065309880598,4.084571449584,,0.000453974395143681,0.040065964084287704,,0.0,0.0,0.0,0.0,0.0,0.0
2024-04-18 13:41:49,26785357,,100.0,100.0,,,0.5451282187585222,0.00039811234338360166,0.02643762296070156,,0.0,,,0.0,,,0.063055701881,3.63069848526,0.6522908569142595,0.00033831403452578044,,0.007710581481467664,,0.0,0.0,0.0,,0.0
2024-03-14 10:49:22,26003293,100.0,100.0,100.0,,2.546659511882,,0.0006525958775736281,0.02867514989990081,0.004528277463517771,,,,0.0,,,,4.435122556689,,,,,,,0.0,,0.0,0.0
2024-03-01 01:30:23,26720798,100.0,,100.0,,5.172209107656,,,,0.005951952194460735,0.0,,0.0,,0.0,,0.0,,0.6650225299232413,9.493184484287218e-05,0.03676833178418506,0.006841519124149681,0.0,,0.0,0.0,0.0,0.0
2024-05-04 05:19:14,26451228,100.0,100.0,,0.062492057534,,,,,,,,,0.0,,0.0,0.056282290459,2.894626837014,0.638092658654164,,0.035384194294097684,,0.0,0.0,0.0,0.0,0.0,
2024-04-28 11:10:47,27273090,,100.0,100.0,0.073920936118,2.55658085013,,0.0005927966547621447,0.026639373763152358,,0.0,,,0.0,0.0,0.0,,3.976193382211,,,,,0.0,,0.0,,,0.0
2024-04-11 21:29:27,27931921,100.0,100.0,100.0,0.0,,,0.0,0.006199354875853139,0.0036425431629078216,,0.0,0.0,0.0,0.0,0.0,0.001540119834,0.979722544829,,0.0,,0.005309282407354055,,,,,0.0,0.0
2024-04-26 22:48:37,29295875,100.0,,100.0,,,,0.0003868138650546665,,0.005698984957748345,0.0,0.0,,,0.0,,0.068209782429,,,,0.038802693200059454,,0.0,0.0,0.0,0.0,,0.0
2024-03-07 03:47:17,27081020,100.0,100.0,,,,,9.635381105843339e-05,0.04085346714603761,0.0037282528095897646,,,,,0.0,0.0,0.00556237831,2.331933752611,,0.0,,,,0.0,,0.0,,
2024-03-17 09:51:35,28328635,,100.0,,0.021112690802,2.531004910224,,,0.026003397232713756,,0.0,0.0,,,,,0.0,,0.588356590348381,,,,,0.0,0.0,,,
2024-05-06 08:16:19,25925920,100.0,,,,,0.5437907042475384,,0.026477195339654445,0.006899365659109797,0.0,,0.0,0.0,,,,3.244736036688,0.6356772264219623,,0.0418479505056954,,,0.0,0.0,,0.0,
2024-03-17 15:53:14,28571231,100.0,100.0,100.0,0.010694049881,2.609329665143,,,0.026681422859411743,,0.0,,0.0,,0.0,0.0,1.6375634e-05,3.821612427156,,0.00044071618040231013,,0.006139463663891301,,0.0,,0.0,0.0,
2024-03-06 09:04:46,28330434,,100.0,100.0,,,0.49119611970197335,0.0003384914957820252,,0.004371986709738384,,0.0,0.0,0.0,,0.0,0.053540402254,2.18032748235,0.6298866653215189,,0.02398857370313831,,0.0,0.0,,0.0,,0.0
2024-03-30 00:08:14,26499391,100.0,,100.0,0.0,1.082098356754,0.20043113293788212,2.1843055805782698e-05,0.003137016956978666,,0.0,,,,,,0.007106462359,2.052133821099,0.28282997416706496,,,0.004125903308794176,0.0,0.0,,,,0.0
2024-04-23 06:11:57,28921283,100.0,100.0,,,,,,,0.003046141838315628,,0.0,,0.0,,0.0,0.046776914631,,,,0.03585956667049241,,,,0.0,0.0,0.0,0.0
2024-04-29 11:07:56,27154396,,100.0,,,,0.5453771125957888,0.0007888040704415304,0.025123321545607254,0.004529945630287319,0.0,,0.0,,0.0,0.0,,,,,,0.006877583960791647,0.0,0.0,,0.0,0.0,0.0
2024-04-21 18:17:17,27980492,100.0,100.0,100.0,0.054971820179,2.543007137101,,0.0007330526632209252,,0.006099905901606297,,,,0.0,0.0,,0.052574463033,,,0.0007558316667581827,,,0.0,0.0,,0.0,,0.0
2024-04-28 01:18:56,28120253,100.0,,100.0,,,0.5404985904444596,,,0.005076484012058515,,0.0,,0.0,,,0.0,,0.7570623325027761,,0.02885411559772578,,0.0,,0.0,,,0.0
2024-04-26 09:41:34,28214634,,,100.0,,2.777076994196,,,0.025365039774867083,,0.0,,0.0,0.0,,,0.0,,0.6494480178629217,0.00012145431745240045,,,0.0,,0.0,0.0,0.0,0.0
2024-05-03 22:09:46,28725044,100.0,100.0,100.0,,,0.5680494611498447,,0.02612027625742629,,0.0,0.0,0.0,0.0,0.0,,,,0.6681636051529797,0.00029103234308153745,0.041842253001907685,,,0.0,,,,
2024-04-26 08:46:36,26901747,100.0,100.0,,,2.461396253407,0.5194115422262388,,,0.0038713831581377576,0.0,,0.0,,,0.0,,,0.6158241265424038,,0.03572499928925699,0.0062194912453458154,,0.0,0.0,,,0.0
2024-03-21 10:17:17,27321921,,100.0,100.0,,,0.42914734616937467,0.0,,0.004268997492015908,0.0,,,0.0,0.0,0.0,,2.068908572369,0.4587212338842286,0.00038960045871698143,0.009107494162628814,0.004140915026990572,0.0,0.0,0.0,,0.0,
2024-04-12 11:44:55,27983472,100.0,,100.0,,2.560233420514,,,0.02398695357241847,0.004502077890162338,,0.0,,,0.0,0.0,0.0,2.487207779982,0.657541229405978,,0.026253370525564666,0.00573559531893052,,0.0,0.0,0.0,0.0,0.0
2024-05-03 10:49:48,26060501,100.0,100.0,,,2.637959709687,0.584224004968428,,0.023872062992306597,0.0047746766915487075,0.0,0.0,,0.0,,0.0,,3.713245292471,,,0.035472424105563186,0.005885905303255062,0.0,0.0,0.0,,,
2024-04-23 07:00:21,27734853,,,100.0,0.068004839538,,0.5830621389110485,,,,0.0,0.0,,,,0.0,0.055660532036,4.233434917573,,,,0.0072648741907652865,0.0,0.0,0.0,,0.0,
2024-03-17 16:34:35,29089060,,100.0,100.0,0.015960656745,,0.5563845429080291,0.0,,0.00428692172858096,,,,0.0,,,0.0,3.908297470891,0.6183275855746675,0.00034369335890647534,,0.004291700399675132,,,,0.0,,0.0
2024-04-20 19:09:52,27368464,,,,0.047959569208,,0.5955715752088794,,0.02817141442290094,0.006216780031332142,,,,0.0,0.0,,,,0.6388754853924072,0.00015998659588526616,0.04018422536859956,0.006288397621765176,,,,0.0,,
2024-04-19 19:57:03,26726373,,100.0,100.0,0.036347203885,2.642320009045,,0.0002883913624346379,0.025814011878298567,0.006655211893776965,0.0,,,0.0,,0.0,0.055746490799,,0.6694984553487144,0.000294570159742459,,,,,,0.0,0.0,0.0
2024-04-01 11:26:14,27984421,,100.0,100.0,,4.608537448712,0.5036791446267307,,,,,,0.0,,0.0,0.0,0.004326224038,,0.6377751620564268,,,0.0057812391622933815,0.0,0.0,0.0,0.0,,
2024-04-11 13:26:46,29617087,100.0,100.0,100.0,0.015838213238,,,0.0,,,0.0,,0.0,0.0,,,,,0.5808718812430796,,0.023064323354821434,,,0.0,0.0,0.0,,0.0
2024-04-29 01:44:34,27784982,100.0,100.0,100.0,0.037890619068,,0.5254976809646648,,0.02613944946710416,0.005307937104014272,,,,0.0,0.0,0.0,,,,0.0003972783897236723,,0.00617594262636734,,,0.0,,,0.0
2024-04-28 16:19:08,27762491,100.0,,100.0,,2.590721295168,,0.0002846443371463873,,0.0055645918236469066,,0.0,,0.0,0.0,,,3.95523952504,,0.000452672581456254,0.03156410351264719,0.007224948831347178,,,,0.0,,
2024-03-25 06:37:06,27305604,100.0,100.0,100.0,0.05579816842,,0.5635070986948574,0.00044146150755168534,0.026763172518605535,0.0053612964695757435,,,0.0,,,,0.068775558853,2.849054282945,0.6365930244085316,,,0.005595703852097346,,,0.0,0.0,,0.0
2024-04-16 18:17:17,26179681,,100.0,100.0,,,0.5816883673178433,0.0006856461206451898,,,,,,,0.0,,,4.231588346019,0.6756065734695621,,,0.007332097907130989,,0.0,,0.0,0.0,0.0
2024-04-12 04:12:40,29439521,100.0,100.0,100.0,,0.656985874554,0.51545108865379,0.00024716767247127025,,,,0.0,0.0,,,0.0,,1.622681203698,0.7002504340583644,,,,0.0,0.0,0.0,0.0,,0.0
2024-04-12 05:36:26,27180477,,,100.0,0.017291327277,2.525919596492,,0.00016575383582351943,,,0.0,,0.0,0.0,0.0,,,,,8.313302788945994e-05,0.019222884838477283,0.006616828553016075,,0.0,0.0,,,
2024-04-28 00:16:34,29653096,100.0,100.0,100.0,,2.518167377207,0.536261609576458,0.0004636786935272722,0.024993045637698174,,0.0,,0.0,0.0,,0.0,0.056871462625,,0.634907270684957,,,0.006374251783023041,0.0,,0.0,0.0,0.0,
2024-04-10 09:30:19,28451034,,100.0,100.0,,,,,0.025475898219802805,0.004664464751818054,0.0,0.0,0.0,0.0,,,0.002147127731,,0.6209089313960682,0.0,0.03547523568693792,,0.0,0.0,,,0.0,0.0
2024-05-05 14:53:10,28112763,,100.0,,0.011488867963,3.075637045011,0.6093538469965002,0.0,,,,,,0.0,,,,2.952445814739,,,,0.007203984240620886,0.0,,,0.0,0.0,0.0
2024-04-27 01:03:48,29435470,,,,0.028137589112,3.885882998856,,,,,0.0,,,0.0,0.0,0.0,,,,,0.029460242086884598,0.008504398269284088,0.0,,,0.0,,0.0
2024-04-21 12:05:34,29290755,,,,,2.67472558106,,,,,0.0,,0.0,,0.0,0.0,0.059538499496,,0.6395239159078004,,,0.006647240937257284,0.0,,,,0.0,
2024-04-02 05:51:23,25328326,,,100.0,0.004495417562,2.550011830603,0.5525898461311239,0.00013763935877026849,,,,,,0.0,0.0,0.0,0.010854312551,2.136307545238,,0.00016636957694962128,0.02215103924876704,,,,,,0.0,0.0
2024-05-06 08:16:19,28227688,100.0,,100.0,0.050853906085,2.560689809804,0.5694627334998014,,0.026994166568873896,0.0048783251400147595,0.0,0.0,,0.0,,0.0,0.03663517403,3.7754775262,0.6320021979853587,,0.029504175955706834,0.006433034221479977,0.0,,,0.0,0.0,
2024-03-27 21:26:41,27443031,100.0,,100.0,0.0,,0.5597172327470588,2.5269403004106125e-05,0.004704715516129105,0.006766506329029415,0.0,,,,,,0.0,1.783545277097,,0.0,0.009124191485222147,0.0045928179012301425,,,,,,0.0
2024-05-06 08:16:19,27757626,100.0,100.0,,0.014380363026,3.591592721331,,0.0003415555683216972,0.02606230260956352,0.00610217827609127,,,,0.0,,,0.000876127805,3.681141609735,0.6510271535024931,0.0,,,,,,0.0,0.0,
2024-04-24 09:25:06,28650025,100.0,,100.0,,2.569266048444,0.517650937071913,,0.024921538030173437,0.005743176699210203,0.0,,,0.0,0.0,,0.069301013468,3.788377393341,0.6652382812356553,,0.03815294284210007,,0.0,0.0,0.0,,,0.0
2024-04-12 23:24:49,27234830,,100.0,100.0,,2.540323803984,0.47712313605058787,,,0.004990613046695336,,0.0,0.0,,,,,,0.6230056648316502,0.00019855592792911782,,0.006001598025535966,,,0.0,0.0,0.0,0.0
2024-05-01 08:40:50,29522749,100.0,,100.0,,,,,0.0239732886709907,0.0052090535737170434,0.0,0.0,0.0,0.0,,0.0,,3.73491270517,0.6590893584451316,,0.030079495961505765,0.0061344072600387186,,0.0,0.0,0.0,,0.0
2024-03-16 22:29:51,26247232,,,,,1.316680905664,0.554906377565647,,0.02596166310559858,,,,0.0,,0.0,,,,0.34697520650360725,0.0,,0.005278086586438361,,0.0,0.0,0.0,,0.0
2024-04-27 03:21:43,27644171,100.0,,,0.064210807659,,,,,,,,0.0,,0.0,,,2.384542282363,,,0.027818067710935892,,,,0.0,0.0,,0.0
2024-04-20 07:36:57,28746330,,100.0,,0.07029306203,2.672310755857,0.5419788910954408,0.00044140104934760024,0.027605830922935403,0.005038264254823921,,,,,,0.0,0.063432375022,4.306613119593,,0.00013952654312279308,,0.007818638182429597,,,0.0,0.0,,
2024-03-21 06:00:14,25703229,100.0,,100.0,,1.108798639934,0.6152666249174676,0.0001678893219430608,,,,,0.0,0.0,0.0,0.0,,2.060280286007,,,,0.006267322896344534,0.0,,,0.0,0.0,0.0
2024-04-23 22:59:29,27771960,,,100.0,0.066656880387,2.602779009233,0.5343395298848935,,0.02317293163793351,,0.0,0.0,0.0,0.0,0.0,0.0,,3.094895678712,,0.0004727646979995803,0.02845500167357916,0.0077439745385274586,0.0,,,0.0,,
2024-04-25 11:18:06,27169752,100.0,,,,2.553034278492,0.5424882692989065,0.0003849482191917534,0.02735096240011122,0.005225439153076162,,,,0.0,0.0,,,3.370764646785,0.6417577064597654,0.0003491551565870487,0.027976521115372723,0.004867231721237385,,0.0,0.0,0.0,0.0,
2024-04-29 03:17:06,27788589,,,,,4.514620068773,,0.00012842426208703808,,,,0.0,,,0.0,0.0,0.0,2.710243540211,,,0.03165341879202741,0.008251018075307572,0.0,0.0,,0.0,,0.0
2024-03-12 15:03:30,28732850,100.0,100.0,,,3.317604033665,0.5398075464118962,0.0,0.029264971991267888,,,,,,,0.0,0.0,3.598157820916,0.6269103804665983,0.0,0.045299878736369245,,0.0,,0.0,0.0,0.0,0.0
2024-03-26 09:43:45,28042571,100.0,100.0,,,2.562884848509,0.5491429057607493,0.0,,0.004253591822065758,0.0,,,0.0,0.0,0.0,,2.794064669001,0.6408572200774747,0.0005276347777894724,,0.005729187324986795,,0.0,,,,0.0
2024-04-26 00:09:46,26490772,,100.0,100.0,0.050226062904,2.541677350412,0.5129862194847664,,0.026099639790338466,,,,0.0,0.0,,,0.060845619573,4.499174691551,0.6362597123891542,0.0,0.028528151506365198,,,0.0,,0.0,,
2024-05-01 05:26:41,28468205,,100.0,100.0,,2.622160509363,,0.0006216879909916224,,,0.0,0.0,,0.0,,0.0,0.058205169961,3.622475318125,0.6360011911365512,7.681692614079305e-05,0.030969124692075148,0.005985613875529257,,,,0.0,,0.0
2024-04-21 17:12:31,28259294,100.0,,,,3.805487640286,,0.0004858139219979711,,0.006439412936237666,,,,,,0.0,0.003165051865,2.704915162797,0.737899374135436,5.0655334623609944e-05,,,0.0,0.0,0.0,,0.0,0.0
2024-04-20 17:51:25,26128555,100.0,100.0,100.0,,2.652317641516,,0.0005729003698113605,,0.0073050594478285946,0.0,0.0,,,,0.0,0.0,4.189672614843,,,,,0.0,,0.0,,0.0,
2024-04-23 11:33:21,26952036,,,,0.000488511692,4.775393984912,,,0.03133143659493229,,,0.0,,,,,0.0,,0.5450251542033084,,,,0.0,0.0,,,,0.0
2024-05-06 08:16:19,29041658,,100.0,100.0,,,,,,,0.0,0.0,0.0,,,0.0,0.062090590812,4.557376053446,0.6403030920901847,0.0004110122092739229,0.04462867601001133,0.006478022012536529,,0.0,,,,0.0
2024-03-04 17:21:31,26179715,,100.0,,0.015263762805,2.578775427591,0.5233042417530196,,0.027294111738428207,,,,,0.0,,,,3.633227348889,0.6404191089486688,,,0.005941844376773276,,,,0.0,0.0,
2024-04-20 06:10:43,26843999,100.0,100.0,,,2.586288247629,,,,0.006158740351365214,0.0,0.0,0.0,,,0.0,,3.428087244488,,,0.02986791270522241,0.006712692453009508,0.0,,,0.0,0.0,0.0
2024-03-04 19:38:10,27423328,,100.0,,0.040776395406,2.474220863999,,,,,,0.0,,0.0,,,,3.397771385849,0.670240307966742,0.000622697015548112,,0.006190866299859384,0.0,,,0.0,,
2024-05-03 15:57:00,27128338,,,,,2.503160605233,0.5631728961888023,,,0.004580462984944053,0.0,,0.0,,0.0,,0.065111545498,3.622659982722,0.6474548045328972,,0.0352166350360691,,0.0,,0.0,0.0,,0.0
2024-04-20 09:08:53,27337120,100.0,,,,,0.5372084509176269,,,0.006507194010907278,,,,,0.0,0.0,,,0.6449164466052735,0.00029678947881789657,0.024667828737362545,,0.0,0.0,0.0,,0.0,0.0
2024-04-21 13:36:47,26006697,,100.0,,,2.527622671838,,,0.025787280599150038,,0.0,0.0,,0.0,0.0,0.0,0.051636546916,,,,0.03201674103284285,0.004955606060678449,,,,,,0.0
2024-04-21 12:31:11,28563461,100.0,,,0.065755708949,2.594308755724,,,,0.005781779219016724,,0.0,0.0,0.0,,,,2.487591371572,0.622971665359604,0.0004517957951269281,,0.007378336032952677,,,,0.0,,0.0
2024-04-22 00:51:10,27394700,,100.0,100.0,,,0.5687797124958874,0.0004980315359523059,,0.005031609715000068,,0.0,,0.0,0.0,,,,,0.000576715495068698,0.02880533615804103,,0.0,0.0,0.0,,0.0,0.0
2024-04-01 15:18:45,27551812,,100.0,100.0,0.000932564218,1.023945632537,0.3312161236571274,0.0,,,0.0,0.0,0.0,,0.0,,0.008589317319,1.25580674313,,,,0.003882713036258795,,0.0,,,,
2024-03-30 03:35:16,26707474,,100.0,,0.008330689459,0.254228646548,0.5086584032977108,0.0,0.014169153599199315,0.004315812929413301,,0.0,0.0,0.0,0.0,,0.0,,0.553357080281308,,,,,0.0,0.0,0.0,,0.0
2024-04-21 22:04:40,27068669,100.0,,,0.033769227012,,0.5456899939764136,0.0001272054360682106,,0.00549951238914403,0.0,,,0.0,0.0,,0.00754856617,3.817318264088,0.6460303620259498,0.00022910843737894752,0.02959122844349538,,0.0,,0.0,,0.0,0.0
2024-03-24 03:30:29,27272362,100.0,,,0.024252351624,2.605094136593,0.531552307908963,0.00010221254547906607,0.025962962053486464,0.004053496660808065,,0.0,,,,,0.009552248986,2.70393141089,0.6333988702101945,,,,0.0,0.0,0.0,0.0,0.0,0.0
2024-04-27 17:28:46,27958288,100.0,100.0,,,2.641272645992,0.5772782909590892,0.0007964229667015593,,,,,,,,0.0,,4.060899668435,0.6484034839645081,0.0004760027482222589,0.03755051388906322,0.0062950676366671935,,0.0,0.0,,,
2024-04-25 19:52:00,28368097,,,,,2.503262950032,0.5539575841346328,0.0007222375335977093,,0.0051485578000507876,,0.0,0.0,,0.0,0.0,,3.80892354369,,,0.03411654861578496,,0.0,0.0,0.0,,,
2024-04-27 07:25:36,27581707,,,100.0,0.0,4.08703667689,0.5878942825748794,,,,0.0,,0.0,0.0,0.0,,0.007517277523,4.66556414995,0.9558584524572538,,,0.009641434220339848,,0.0,,0.0,,
2024-03-31 08:37:42,29170949,100.0,100.0,100.0,0.0,,,4.918419599231252e-06,,,,0.0,,,0.0,,0.0,1.586374900026,,6.977367670434734e-05,,,,0.0,0.0,0.0,,0.0
2024-03-15 01:43:47,29578871,,100.0,100.0,,2.654892163183,,0.00019139225187708416,0.025327645631750228,,0.0,,,,0.0,0.0,,3.025006521925,0.6424276467818293,,,0.006584572864776113,,0.0,0.0,,0.0,
2024-04-25 21:14:28,28182724,,100.0,,,2.527834577972,0.5131960062678687,0.00047251354245899654,,0.004880177260527013,0.0,0.0,0.0,,0.0,,0.062744511222,3.26990910879,,8.50082436899671e-05,,,0.0,0.0,,0.0,0.0,
2024-04-19 10:50:13,25478260,,100.0,,0.059115450049,2.58424541267,,,0.028040315555315477,,,0.0,,0.0,,0.0,0.05687117602,,0.6373016553843978,,0.023644098518753365,,,0.0,0.0,,,0.0
2024-03-14 06:41:23,29653096,,,100.0,,1.127490783879,,0.0001301741520732457,,,,0.0,0.0,0.0,0.0,,0.000654115392,2.875507600299,0.7959408758011908,0.0,0.025481755555715843,,0.0,0.0,0.0,,,0.0
2024-04-26 08:04:06,27453135,100.0,,100.0,,,,,0.024975858809033278,0.004741230875896211,,,0.0,0.0,0.0,,0.056656389369,3.363749118135,0.6508816388281412,0.0009407924725995981,,0.005767954774754897,,0.0,0.0,0.0,0.0,0.0
2024-04-24 11:08:21,26006933,,100.0,,0.019329067824,4.769143386335,0.5523639854914419,0.00026586141115771003,0.025270665175269234,,0.0,0.0,,0.0,,,0.005155757629,,0.7281478155759734,0.0,0.03753782527501248,0.007789727973457318,0.0,0.0,0.0,0.0,0.0,
2024-04-25 01:40:28,27203078,,,,0.0,,,,,0.004160619912817803,,0.0,,0.0,0.0,0.0,,,,0.0,0.029998629225730593,0.006528961359661143,,,0.0,,0.0,
2024-04-25 07:59:12,26500361,100.0,,,0.029761883074,2.458623799581,0.5395894553558388,0.0005933568250878452,,,,,0.0,,0.0,0.0,0.057685303741,3.346001801726,0.6482772545483301,0.000491852967472794,,0.005348143882808268,0.0,,,0.0,0.0,
2024-05-06 08:16:19,27263203,100.0,,100.0,0.018770876838,,0.3192414724579975,0.0,,0.005374947578748647,0.0,0.0,0.0,0.0,0.0,,0.0,,0.44204978648883964,0.00021812130376618895,,0.004300446780125186,,,0.0,0.0,,0.0
2024-04-26 22:08:44,27752779,100.0,100.0,100.0,,2.582371565635,,,0.024947978391604637,,0.0,0.0,,0.0,0.0,0.0,0.058375670341,3.183496305911,0.6384641169769926,,0.03371944631665035,0.006955132338119994,0.0,0.0,0.0,,,
2024-03-14 22:23:53,26098656,,,,0.00605115577,,0.5351946679259623,0.00029469776344007083,0.026266455968878024,,0.0,,0.0,0.0,,0.0,0.003429328663,,0.6228876838340395,,0.04074126751331046,0.005628803407940726,,,0.0,,0.0,
2024-04-19 08:17:05,27859750,,100.0,,0.071329917656,2.633915333916,,0.0007046429300689485,,0.005147138767921106,,,,,,0.0,0.058054631987,3.889036903883,0.6437473494649818,,,,0.0,,0.0,,0.0,
2024-04-09 18:05:50,27826373,,100.0,,,2.652882234842,,0.00021069388521659552,0.025461464249523922,,,,0.0,,,,,,0.6211218404925659,0.0003134293088924732,,,,,0.0,0.0,0.0,0.0
2024-04-21 10:27:06,28139208,,100.0,,0.04805423037,5.327719214815,0.5564211424387786,0.0002984751740723531,,0.006189920747561405,,0.0,0.0,,,0.0,0.005127259537,2.87364590816,0.6000289643652882,0.00038640834938299707,0.033187931902994086,,0.0,0.0,0.0,,,0.0
2024-04-26 11:21:13,28267279,100.0,100.0,100.0,0.038303371909,2.565206127298,0.5079475085973445,,,0.00515143339148662,,,,,,0.0,0.060060722497,4.592533115088,0.6443734600113138,,0.04204587843597181,0.006725924370270812,0.0,0.0,0.0,0.0,0.0,
2024-03-10 10:40:15,27321781,,,,,3.75046327521,,,,0.005329880498702249,,,0.0,,0.0,0.0,,,0.701400420969519,0.0004624077316565768,0.03255795873441006,,0.0,,0.0,,0.0,
2024-05-06 04:50:38,27729519,,,100.0,,2.58825515738,0.5816699112519377,,0.025316651928252012,,,0.0,,,0.0,,0.066069503409,3.301038269459,0.6587408833518901,0.00019382443277247025,0.04103534842802527,0.006959708849249397,0.0,,0.0,0.0,0.0,0.0
2024-04-14 04:55:36,29114067,100.0,100.0,100.0,,2.574331648639,0.534104981881413,2.8239095934322713e-05,0.026644189163593783,,,0.0,0.0,,0.0,,,,0.6283917113703325,0.0003676179505947382,0.023380200607790544,0.005023941246388122,0.0,,,,,
2024-03-04 02:09:58,28939617,100.0,100.0,100.0,,2.474278240834,,0.00031999911542614234,0.027292703147109257,,0.0,0.0,0.0,0.0,,,0.052682361236,3.589276534752,,0.0003168482689539745,0.02646677588182489,,0.0,,,,,0.0
2024-04-08 12:42:43,28339266,100.0,,,0.013503128156,2.500241915894,0.5437100009763696,0.0004953600547535584,0.026055321220035198,0.0031857544998564976,,,0.0,0.0,,,0.0,,,,,,,0.0,,,,
2024-04-30 06:10:46,27287738,100.0,,100.0,0.050730590789,2.531165401294,0.540597782718912,,0.025877101995577693,,,,0.0,0.0,0.0,,0.057364081443,3.564439536577,0.6614364434668225,9.203494977753652e-05,0.036478183221076106,0.007389541844501001,0.0,0.0,0.0,,,
2024-04-27 10:11:25,26938994,100.0,100.0,100.0,,3.787906035683,,0.00032521146306580104,0.044119953624907685,,0.0,0.0,0.0,,,0.0,,3.329831885283,0.6785337855619534,0.0,0.031618140396829274,0.00686357043112754,0.0,0.0,0.0,,0.0,0.0
2024-04-22 18:30:51,27490563,,100.0,,,1.444516550548,0.5043651667765421,,,0.0050069255507600285,,0.0,,,,0.0,0.000802087845,2.236786860564,,,,,0.0,0.0,0.0,,0.0,0.0
2024-04-28 02:11:19,29072020,,,100.0,0.058463354475,2.632725453482,,0.0006669090363770724,,,0.0,0.0,,,0.0,,0.053999600411,3.253652006456,0.6570574534626884,,0.03627473782440816,,0.0,0.0,,0.0,,
2024-04-21 03:58:51,28113977,100.0,,100.0,0.055643193489,2.576855737896,,0.0005439291795496487,0.026293445294035968,,,,,,,0.0,,,,,,0.005971886875301036,,,,0.0,0.0,
2024-04-28 02:37:10,28920025,100.0,,,0.08600022874,,0.5011836266877032,0.0006330584797568553,0.02488697118362803,,,0.0,0.0,,,,0.057948386219,,,0.0005539983089527204,,,,,,,0.0,
2024-04-11 00:43:28,25470695,,100.0,,0.033535364457,2.650574242922,,,,,,,,,,0.0,0.062751708872,,,,0.03876336577703636,,0.0,,0.0,,0.0,0.0
2024-04-29 00:02:36,25711960,100.0,,,0.037619485754,2.747266661129,,0.0002552506632028718,0.025822769812217927,,0.0,,0.0,0.0,0.0,,,1.990351877886,0.655859190340564,,0.021025453228206033,0.006484764423868995,0.0,0.0,,0.0,,0.0
2024-03-13 11:03:34,28997292,100.0,100.0,100.0,0.057181485047,2.568968038432,,0.0004228227022004833,0.025227561137967973,0.004473643220831788,,0.0,,,0.0,,,,0.6206810105119634,,0.02767582822666212,,,,,,,0.0
2024-04-30 09:48:09,26965100,,100.0,,0.018881872392,2.585444314189,0.5509965333095006,,,0.00628505713703386,,0.0,0.0,,0.0,0.0,,,0.6412555795674667,,,0.0061353537498620506,,,,0.0,,
2024-05-01 09:03:14,27065598,,,,,2.686994825075,0.5868518666069672,,,,,,0.0,0.0,,0.0,0.057439181874,3.546120229508,0.6416445279798051,,,0.006608093414744001,0.0,0.0,0.0,,0.0,
2024-03-18 23:56:23,26988303,,100.0,100.0,,0.456044506271,0.3512977137007868,0.0,0.009311799444595347,,0.0,,,0.0,,,,,0.36780005484643774,,,,,0.0,0.0,,0.0,
2024-04-28 18:26:22,28663071,,100.0,100.0,,2.508983494613,0.51421074830606,,,0.0060884541581226696,0.0,,0.0,0.0,,0.0,,2.758772442781,,0.0001384101029960966,,0.007102211744401933,0.0,0.0,,,,0.0
2024-03-01 23:48:26,28637400,,,,0.036440724951,,0.5531393572822281,0.0005807018356688964,0.025143056102193563,0.005020580446197457,,0.0,,,,0.0,0.055639786957,3.33651293105,0.6789911048373226,,,,0.0,0.0,0.0,0.0,,0.0
2024-04-29 03:32:35,27819886,,,100.0,,,0.5228013732979605,0.0003409194731076381,,0.005171624003815248,,0.0,,,,,,,,,0.037958518021001204,0.0074212408431472265,0.0,0.0,,0.0,,0.0
2024-04-04 16:26:34,28557482,100.0,,,0.024409871294,2.618943853806,,7.351922439047698e-05,0.02785323367894692,0.00497009205918774,,,,,0.0,0.0,,2.777416653438,,,0.025585595738015367,0.005431101850201258,0.0,,,,,
2024-02-28 22:46:59,28927201,100.0,,100.0,0.021903583626,,0.5620926831211682,,,,0.0,0.0,,0.0,,0.0,0.061610861323,,,0.0,,,,,,0.0,,
2024-05-03 10:17:44,27443930,100.0,,,,2.54443323515,0.5365953241436734,0.0003988087815021553,,,0.0,0.0,0.0,0.0,0.0,,0.063177229651,,,0.0002712364399034618,,0.005623963256683693,0.0,,,0.0,0.0,
2024-04-18 21:33:12,29653096,100.0,,,,2.610195891864,0.5132150366004297,,,0.004966148366081735,0.0,,,0.0,0.0,0.0,,3.206425735389,0.6565129977866262,0.0003495044408972861,0.03336998074329263,,0.0,,0.0,,,
2024-02-28 22:46:59,28283188,100.0,100.0,,0.049371095823,,0.5317767641609825,0.0005420930733967779,,,0.0,,0.0,0.0,,0.0,,3.063306146582,0.6500159331146018,0.0003246700827201963,,,0.0,0.0,0.0,0.0,,0.0
2024-04-22 10:49:17,27026580,,,,0.029157559783,,0.5994088561002916,0.0,0.057010366844776866,,,0.0,0.0,,,0.0,0.001517050765,4.664358933673,0.7277189950503636,7.774303670240318e-05,0.04811118881437951,,,,0.0,,0.0,
2024-04-13 22:29:00,27919964,100.0,100.0,100.0,0.019577405052,4.07483813409,,8.079387441174392e-05,0.04145691202653301,0.006589916699717667,,0.0,0.0,,0.0,,,3.967927266519,,0.0001547481136865885,,0.008250251924380624,0.0,0.0,,,0.0,0.0
2024-03-17 16:58:52,22890658,100.0,100.0,,,,0.24634808282508228,0.000187583654267118,0.006082523958369748,0.0030747233784047343,0.0,0.0,,,,0.0,,0.649812407249,0.3245085900133229,6.797172096128699e-05,0.02121443162809323,0.005569129351296493,0.0,,,,,0.0
2024-04-12 22:56:03,28465062,100.0,100.0,,,,0.5964283443640063,0.00031066293793128,,,,,0.0,0.0,0.0,0.0,0.058541719644,,,,0.038175274722971414,0.006556520042389694,0.0,,,,0.0,0.0
2024-04-24 03:17:08,27523086,,100.0,100.0,0.041099658581,,,0.0005666219644365367,,0.006204032222280649,,,,,0.0,0.0,0.06250932188,,,,0.039880604445149404,0.008060668862765009,0.0,,,,,
2024-03-20 05:16:01,29653096,100.0,,,0.030931301133,,,,,0.004408725478871353,0.0,0.0,,0.0,,0.0,,3.334193655502,0.6311054552218078,7.113006071423524e-05,,,0.0,0.0,,0.0,,
2024-04-26 08:41:53,27931328,100.0,100.0,,,,0.5096208383778691,,0.02608017296391899,0.006367235401151436,,0.0,0.0,0.0,0.0,0.0,,3.134431542787,0.6593039641781556,0.0003147298120619767,0.024556092093628915,,,,0.0,0.0,0.0,
2024-05-06 08:16:19,26920920,100.0,100.0,100.0,,2.467857280813,0.5257815896618427,0.00021280511975748555,,0.0069888971362369635,0.0,,0.0,,0.0,0.0,,3.484037709701,,,,,,,,0.0,,0.0
2024-04-20 06:13:26,28125725,100.0,100.0,,,2.521552058386,0.5386731595717321,,,0.005849445336670742,0.0,0.0,,,,0.0,,,,0.00024126980171162754,0.04190328849954909,,0.0,0.0,0.0,,,0.0
2024-04-12 23:05:52,28797672,,100.0,100.0,0.004449820223,0.995015007844,0.444972569691786,0.00027520972019832047,,0.003764455753750056,0.0,0.0,0.0,0.0,0.0,0.0,,2.427316978891,,,,,0.0,0.0,0.0,,0.0,0.0
2024-03-11 12:34:12,27298010,100.0,,100.0,0.019873709399,,0.45438465908987175,9.402649825031518e-05,,0.004805430502705362,,0.0,,,,0.0,0.0,3.470463533263,0.7284572118096198,0.00021133145648894467,,,0.0,0.0,,,0.0,
2024-04-30 23:26:49,27986148,100.0,,,,2.627216941688,,5.543154951125463e-05,0.026500920307127793,0.005587013532339683,,0.0,,0.0,0.0,,0.0,,0.6414189633432443,,0.03328118504429254,0.0065242726804699315,,0.0,0.0,,0.0,
2024-04-06 18:27:34,28871163,100.0,100.0,100.0,,,,,0.026261255042489457,0.005002609614090316,,,0.0,,0.0,,0.010081832464,3.415938139185,,,,0.006368111953464067,0.0,0.0,0.0,0.0,,
2024-04-10 20:15:23,28589644,,100.0,100.0,0.0,,,,,,,,0.0,0.0,,0.0,,1.077926586087,0.5828631746434021,0.0003130908716994574,0.007964654663030198,,0.0,,0.0,0.0,0.0,0.0
2024-04-19 07:51:51,29297620,100.0,,,0.049551332804,2.659495832996,0.5891137332018598,0.0004963419095231637,,,0.0,0.0,0.0,,,0.0,0.061312093146,,,,,0.006743212824239421,0.0,0.0,,0.0,,
2024-02-28 22:46:59,29653096,100.0,100.0,,,2.667540046548,0.5146045232217834,,0.02476846642242779,0.005624564291949786,,0.0,,,,0.0,0.052437354403,2.836081399534,,0.0005677430950731449,0.0364642078266606,0.005336715809247146,,,0.0,,,
2024-03-28 10:57:14,28632985,100.0,,,0.0,,0.36394386562581854,0.0,0.013516535894505567,0.004487527427577636,0.0,,,,0.0,0.0,,1.99414090358,,,0.025512338133628715,0.0044354998417927265,,0.0,0.0,,0.0,
2024-04-25 19:18:52,28918859,100.0,100.0,,,,,,,,,,0.0,0.0,,,,,,0.000445354415458432,,,,,,0.0,0.0,0.0
2024-04-23 00:42:02,27675409,100.0,100.0,,0.073773336909,2.457318922835,0.5733560790417895,,,,,,0.0,0.0,,0.0,,3.837087924529,0.635419978385768,,,0.006828606526218302,0.0,0.0,0.0,0.0,0.0,0.0
2024-04-30 13:50:40,28797175,,100.0,100.0,0.03310875355,2.683278248089,0.5321730906107376,0.00037760907588592314,0.02453603386657682,,,,,0.0,0.0,,,4.417937749173,0.6263307841076045,,0.029729381603990735,,,0.0,,,,0.0
2024-03-07 04:47:18,29144081,,100.0,100.0,0.027251432079,2.666306767879,0.5244780811201792,,,,0.0,,0.0,0.0,0.0,0.0,,3.879660265609,,,0.037180146824124724,0.005133618083775039,,0.0,,0.0,,0.0
2024-04-10 10:16:31,29273676,100.0,100.0,100.0,,,,0.00011751861675884088,,0.004749163700004417,,,0.0,0.0,,,0.0,,,,0.02456485250298896,0.007129184472665922,0.0,0.0,,0.0,0.0,
2024-04-19 04:00:08,28441936,,,,0.042163778966,1.35402025304,,0.0003821511212951858,,,,,0.0,0.0,0.0,0.0,,1.962959833704,0.5858167209995941,0.0,0.019454400204354648,0.006107819915869774,,0.0,,,0.0,
2024-03-29 22:13:15,27697401,100.0,,100.0,0.056477285128,,0.5589424131672119,,0.0265107150251379,0.005436863035691505,0.0,,,0.0,0.0,,,2.988243672581,,,0.02331112245548822,0.006494019844469153,0.0,,0.0,,,0.0
2024-03-06 07:43:00,29653096,,,100.0,0.036168504352,,0.5135456679581748,0.0003043797628335346,,,0.0,0.0,,,,0.0,0.048185063332,,0.6243715776289864,,,,0.0,,,,,
2024-04-21 00:29:50,28981567,100.0,100.0,100.0,,,,0.00045774576769031205,,,,,0.0,0.0,,,,2.612757567731,0.6461588131325846,0.0005742682277403039,,0.0063240072550794935,,,0.0,,0.0,0.0
2024-04-23 21:38:21,27464897,100.0,100.0,100.0,0.026209242116,4.37089621717,,,0.023467812248561558,0.006294579942573807,0.0,,,,,0.0,,3.1219010564,0.6728709296558393,,,,0.0,0.0,,,,
2024-05-06 08:16:19,27933510,100.0,,100.0,,,,,0.023539816360771994,,0.0,,0.0,0.0,0.0,,,,,0.0002731650260514643,,0.006716869094482623,,0.0,0.0,,0.0,0.0
2024-04-16 04:35:55,29571079,,,,,,,,0.02472788138394866,,,0.0,0.0,0.0,0.0,0.0,,,0.6338118073816545,0.00011662135785192997,0.02967211795782627,0.0062779440130157965,,0.0,0.0,,,0.0
2024-04-27 15:03:24,28521970,100.0,,100.0,0.009689986771,0.264854725681,,0.00012613410835755575,,0.004298790145980995,,0.0,,0.0,,,0.003694188451,,,,,0.003915652845504891,,0.0,,0.0,,
2024-03-17 02:34:14,28143741,100.0,100.0,,0.010494727165,,,,0.03966166074595629,0.005082112837785483,,0.0,0.0,,0.0,0.0,0.003511953186,3.381950406124,,0.00017398934050563965,,0.006649722905634764,0.0,,,0.0,,0.0
2024-03-28 18:15:47,27392883,,,100.0,0.040918317256,2.666140142027,,0.00040978857202497856,,0.005129794893774966,0.0,0.0,0.0,,0.0,0.0,,3.849515016868,0.6387903514985486,0.0003261730258461189,0.028547178361221993,,,,,0.0,0.0,
2024-03-18 06:28:50,28748260,100.0,100.0,,,,0.5753604681030775,0.0006450496637287566,0.014147855362090294,,,0.0,,,,0.0,0.001114351947,,0.6480649934732883,5.214005719218263e-05,0.02495733755562434,,,0.0,0.0,0.0,,0.0
2024-03-26 19:32:34,27684403,,,100.0,,2.579205745662,0.550428502858577,,0.02333245716627711,0.004813751375572992,,,0.0,,0.0,0.0,0.051887031851,1.938241002645,,,0.03375299602419609,,0.0,0.0,,0.0,,
2024-04-02 03:36:23,29396655,,,,0.038623673939,,0.5010765645855112,,0.02501703715047038,0.00482906941288633,0.0,0.0,0.0,,0.0,0.0,0.045618310912,,0.6282402666414982,5.818856376475876e-05,0.024161920814552332,0.005434670185321274,0.0,0.0,,0.0,0.0,
2024-04-10 19:37:51,28473782,100.0,100.0,,0.056829661998,,0.5414213497327083,0.0004747214764317379,,,,0.0,0.0,0.0,0.0,0.0,0.065762756406,3.281263533261,,0.0007477664733762331,0.03619317027214804,0.005377475772726437,0.0,,,,0.0,0.0
2024-04-20 21:31:12,27954297,100.0,,,0.048473642407,,0.5123588777472103,0.0005407786648353989,0.025273350537826315,0.005686739174162922,,,0.0,,,0.0,,3.594909885989,0.6481701645285091,,,,,,0.0,0.0,0.0,
2024-03-30 14:11:59,28162537,100.0,,,,2.558037937428,0.554254811745773,0.0,,0.003678506275250526,0.0,0.0,,,,0.0,0.009851529895,,,,,0.004675184371266195,,,,,,
2024-03-14 21:17:53,28316403,,,100.0,,,,,,0.006681560874224636,0.0,0.0,0.0,0.0,0.0,0.0,,3.850101880836,,,,0.007687673765914036,0.0,0.0,,,0.0,
2024-03-14 07:44:58,27124853,,,,,0.881673674398,,5.3960178614108345e-05,0.009102144289933193,0.0030665435217415798,0.0,0.0,0.0,,0.0,,0.0,,,,,,0.0,,0.0,0.0,,
2024-04-11 09:04:03,27064559,100.0,,,,2.594119029564,0.4968059111063013,0.0002904389594112456,,0.004847129981301612,,0.0,0.0,,0.0,0.0,,,,0.0005414899550825918,0.03140950852551144,0.006952028697988289,0.0,0.0,,0.0,,0.0
2024-04-23 04:09:46,27883707,,,,0.075865585056,2.633507694222,0.597157847182351,,0.025958757923431854,0.0044593514213795635,0.0,,0.0,0.0,0.0,,0.057313235574,3.935233786717,0.6654306965557757,0.00019822375066448684,0.043608985711957406,,,0.0,,,,
2024-04-30 04:34:18,26754252,100.0,100.0,,0.014262352918,4.141193841623,0.46921259721788394,,,0.004624202128690893,,,,0.0,,,0.0,,,0.00020565658858896302,0.03550006839723684,,,0.0,0.0,,0.0,0.0
2024-04-07 20:03:43,27600679,100.0,,100.0,0.019242538405,,,,0.024256844922021716,,0.0,0.0,0.0,,0.0,0.0,0.064310702939,3.262737580299,,,,,0.0,0.0,,,0.0,0.0
2024-04-30 12:50:36,28022443,100.0,,100.0,0.054282948762,2.551581944976,,0.0005711601599787878,,0.00529454154267293,,,,0.0,0.0,,,2.53786077937,0.6413454470435269,0.00036573686094523944,0.02904649617984171,0.0056446192492510695,0.0,0.0,0.0,0.0,,
2024-03-23 19:36:50,26985763,100.0,100.0,,,2.657108758838,0.5327856647333852,,,,0.0,,,,0.0,0.0,,,0.6433205391226018,0.00015725175537766706,0.0276531390567419,0.0068022008826834285,0.0,,,0.0,,0.0
2024-05-06 08:16:19,24840400,,,100.0,,2.412623849198,,,,,0.0,0.0,0.0,,0.0,,0.050051889774,3.07940593286,,,0.029002262642506684,,0.0,,0.0,0.0,0.0,
2024-05-02 06:10:19,28468744,100.0,100.0,100.0,,3.787851439613,,,0.057192501884073016,,0.0,0.0,0.0,,,,,,0.6559671689717633,,0.04079300972883836,,,,0.0,0.0,0.0,
2024-04-19 05:45:22,28920643,,,,0.072094721637,2.584225136371,,0.0006843960573558252,0.027398689512585624,0.005243355346514676,0.0,,0.0,,0.0,,0.064564807286,,,0.00030307255531786893,,,,,,0.0,,
2024-03-22 02:19:20,27897122,,100.0,,,2.724585398206,,,,0.002869941825269607,0.0,0.0,,,,0.0,,4.223473162158,0.6167021509733154,0.0002712151231226437,0.041217404765327446,,,0.0,0.0,0.0,,
2024-04-23 13:39:21,28918136,100.0,,100.0,,,0.5817097155683331,,,0.00594420439571106,,,0.0,0.0,,,,,,0.0006416086290402239,0.03949697637601473,,0.0,,0.0,,0.0,
2024-04-24 12:47:22,27755744,100.0,100.0,,,,,0.0005540808914706645,,0.005907203833353048,0.0,,,,,0.0,,,,0.0009100248662825534,0.029283427193488944,0.006722686654238244,0.0,0.0,,,,
2024-04-26 02:56:21,29018722,,,100.0,,2.706317228537,0.5445501095702162,0.0006260476945759102,0.026948486823355412,,0.0,0.0,,0.0,,0.0,0.05579931729,4.817542495704,0.6346294159230275,,0.0387469190800205,0.006532799279540839,0.0,0.0,,0.0,0.0,
2024-04-17 08:23:54,27479198,,,,0.051567836806,,0.5357891706389285,0.0004070266939211421,,0.00631436566156206,0.0,,0.0,,,,,4.091093887353,0.6350870188636064,,,,0.0,0.0,,0.0,0.0,
2024-03-23 04:43:01,28663613,,100.0,100.0,,1.065601403402,,0.0,,0.006235955861156545,0.0,0.0,,0.0,,,0.0,,0.7969761673784228,,0.01068996476431806,0.006820394141918831,0.0,0.0,,0.0,,
2024-04-15 15:54:41,27346827,,,100.0,,2.678363795124,0.5577702552233488,0.00021356139281534747,,0.004486077252617649,,0.0,,,0.0,,0.0,2.990162085591,,0.00042039360552149256,0.022465235451067496,0.006211081452695529,,0.0,0.0,,0.0,0.0
2024-04-22 15:43:40,27884423,100.0,100.0,,0.00829386628,4.25416857855,0.4874105779290978,,,0.006613355359332941,,,,,0.0,0.0,0.0,2.29718160441,0.6565917698433514,,0.02885543426086778,,0.0,0.0,0.0,,,
2024-04-17 00:21:00,27651156,,,,0.064321300568,2.520345369614,,0.0004776386580873952,0.025807876352928073,0.0069352520236741055,,0.0,0.0,,0.0,,0.051236119687,2.873973686049,0.6521972089582649,0.00038593196782310134,0.029878891436796028,0.007851724196121072,0.0,,,0.0,,
2024-04-23 00:07:27,28324989,100.0,100.0,100.0,,,0.5300824598363951,0.000551748721610712,,,0.0,,,,,,,3.34662869651,,0.00018004248196845616,,0.007895461923432505,,0.0,,0.0,0.0,0.0
2024-04-18 06:10:18,28242859,,100.0,,0.055568741612,,0.5709108628886539,,,0.006075473157722255,,,0.0,0.0,0.0,0.0,,5.075875131679,,0.0001948218296557476,0.04763348884502105,0.0076829222501800885,,0.0,0.0,,0.0,0.0
2024-04-21 21:10:58,28248986,100.0,,,0.034051539593,2.544039785414,0.5700942733483259,0.0006657113693003594,,,,,0.0,,0.0,0.0,,3.154887375858,,0.00048711878312879324,,0.006659481681313741,0.0,,,,,
2024-05-04 00:33:38,29100287,,,,,3.177407554917,,,0.026390751112886142,0.005350672653735139,0.0,0.0,0.0,,0.0,0.0,0.0,,,,,0.004893386261182344,,,,,,
2024-03-13 06:09:56,27994341,,100.0,100.0,,,0.5332633427811717,,0.024339461940606367,,,,,0.0,0.0,,0.06472017946,3.234643360234,0.6476184507257254,0.0005941828373186681,0.026160276202647523,0.006224299631183606,0.0,0.0,0.0,0.0,0.0,
2024-03-20 13:05:00,27572786,100.0,,100.0,0.028462613194,2.649269392293,,0.0002114784953580341,0.023627576182518067,,0.0,0.0,,,,0.0,0.0,2.933153894888,0.6326838432498738,0.00039469568083247875,0.029623668216076333,0.006192473858306976,,0.0,,0.0,,
2024-03-10 20:15:48,29324618,100.0,100.0,100.0,0.046020132693,2.680049143597,,,0.0262754064003407,0.004103535358084053,0.0,0.0,,,0.0,0.0,,3.788282203988,,,0.03976675818971843,,0.0,,0.0,0.0,,0.0
2024-03-24 20:05:45,25958543,100.0,,100.0,0.035557192204,1.113121484541,,9.316944188888165e-05,,,0.0,0.0,,,,,0.0,,,,0.02119753002253541,0.006258152675326719,0.0,0.0,0.0,0.0,,
2024-03-08 23:08:02,27234616,100.0,,,,2.549939321212,0.4990136779774535,,0.0256056749489159,,,0.0,,,0.0,0.0,,,0.63123990681433,,0.0367615995672728,,0.0,0.0,,0.0,,0.0
