Measurement ID,Time,Interval,Min in-octets (kbit/s),Max in-octets (kbit/s),Avg in-octets (kbit/s),Min out-octets (kbit/s),Max out-octets (kbit/s),Avg out-octets (kbit/s)
108522,1709160900879,300000,0.206907356358,2.9032,0.3336919663115672,0.341971053526,5.011466666667,0.5416608170692799
108522,1709187900879,27000000,0.206745977513,0.518814560994,0.2725000295559212,0.341096744301,0.768567685677,0.4008581044392461
108522,1709215500879,27600000,0.0,5.654634536546,0.4265922671529431,0.0,11.988398839884,0.8584657700242256
108522,1709243100879,27600000,0.0,25.906239896541,2.601605772069539,0.0,43.375363724539,5.043210328715499
108522,1709247000879,3900000,0.0,5.5808,5.4658265179261685,0.0,12.1528,11.902432717003505
108522,1709274900879,300000,0.0,19.481193255512,2.708225856973697,0.0,41.226977950713,5.231406957644648
108522,1709304300879,29400000,0.0,16.440271932664,3.016055698287996,0.0,37.5248,6.404975779218567
108522,1709334000879,29700000,0.0,13.871844660194,2.992469587580551,0.0,35.422653721683,6.271376883990304
108522,1709363700879,29700000,0.0,16.401034928849,2.975007724952329,0.0,37.91979301423,6.251246742907467
108522,1709393400879,29700000,0.0,14.656745389841,2.8942517579344567,0.0,36.089291491427,6.134284800462865
108522,1709420400879,27000000,0.0,7.151369726055,2.867150808366989,0.0,14.904219156169,6.090040398450693
108522,1709450100879,29700000,0.0,12.405309161541,2.8530360207899386,0.0,23.166073162836,6.065606972719277
108522,1709479800879,29700000,0.0,11.615160349854,2.842805281438191,0.0,22.227405247813,6.0573558787640405
108522,1709506800879,27000000,0.0,6.743451309738,2.8612177832342094,0.0,13.496201519392,6.081397503277181
108522,1709536500879,29700000,0.0,12.280997086436,2.8517797782860472,0.0,23.148220064725,6.0564535767021965
108522,1709566200879,29700000,0.0,8.919908009199,2.850286110702517,0.0,13.697830216978,6.056150314403699
108522,1709593200879,27000000,0.0,6.75077476757,2.8424327687988766,0.0,14.05398920216,6.058928196490498
108522,1709622600879,29400000,0.0,15.344559585492,2.8824370484360102,0.0,35.567357512953,6.071566905337468
108522,1709649600879,27000000,0.0,9.553289342132,3.13647146408875,0.0,37.206158768246,6.62603595879752
108522,1709677500879,27900000,0.0,20.890468497577,1.837161254340426,0.0,40.211954765751,3.8751699985510673
108522,1709709300879,300000,0.0,22.381847649919,3.4443605493358462,0.0,41.042463533225,7.138861642033221
108522,1709736300879,27000000,0.0,5.571442855714,3.466463034690568,0.0,11.830783078308,7.28338297954293
108522,1709763300879,27000000,0.0,15.493867010975,4.731737635491554,0.0,26.5409941898,8.395089680450557
108522,1709794500879,300000,0.0,22.77360931436,3.4438684601400125,0.0,39.91979301423,6.660524092887664
108522,1709823000879,28500000,0.0,15.352331606218,4.560808166046384,0.0,25.867875647668,10.296476929074467
108522,1709847600879,24600000,0.0,5.791641671666,2.130452138791577,0.0,12.048790241952,4.357326243226669
108522,1709883600879,300000,0.0,16.54851228978,3.98170288065604,0.0,27.534282018111,8.014630154363491
108522,1709909700879,26100000,0.0,16.978324166936,1.8940576395445543,0.0,38.346166289227,3.630237231890638
108522,1709938500879,28800000,0.0,15.8990617923,4.010795361598796,0.0,26.82109349725,7.555813610674477
108522,1709960400879,300000,0.0,19.00808276754,5.59043633423992,0.0,39.421001615509,11.663248936421487
108522,1709985300879,24900000,0.0,5.813162632527,3.9485950216396057,0.0,12.324064812963,8.404035415475798
108522,1710012600879,27300000,0.0,20.099579696088,3.318392933142994,0.0,41.386356288393,6.192606001207542
108522,1710021600879,9000000,0.0,5.869973994799,3.4540921339590844,0.0,12.025605121024,7.125717214907551
108522,1710056700879,300000,0.0,20.674651990936,2.463244624916671,0.0,41.895759145354,4.876232114832544
108522,1710084300879,27600000,0.0,22.16160310278,4.411816307726041,0.0,39.68196509373,8.282697433284103
108522,1710106200879,27300000,0.0,20.691262135922,5.404983413496534,0.0,39.526213592233,10.316238657964345
108522,1710138600879,300000,0.0,17.088910442936,3.5060238931460126,0.0,38.160413971539,6.581648225202097
108522,1710165300879,26700000,0.0,16.453367875648,2.833953099140297,0.0,34.354159922305,5.248312149023712
108522,1710192300879,27000000,0.0,20.112584923973,2.9374110534025726,0.0,41.288903267551,5.341142499644923
108522,1710226800879,300000,0.0,20.768383543894,5.835936563575695,0.0,41.979301423027,11.877515604575043
108522,1710254400879,27600000,0.0,17.426356589147,3.1585339096128875,0.0,38.519379844961,5.569168741332853
108522,1710282600879,28200000,0.0,16.685862180524,4.507417456578711,0.0,38.17793594306,10.00895929515938
108522,1710313200879,300000,0.0,5.828582858286,2.913922437919212,0.0,12.381238123812,6.289804749877892
108522,1710339900879,27900000,0.0,17.158512720157,6.3469989862031,0.0,38.457925636008,12.878068129113185
108522,1710369300879,29400000,0.0,5.659531906381,2.93022038962638,0.0,12.280056011202,5.722660944549819
108522,1710403500879,300000,0.0,18.542515357258,3.370576376390084,0.0,39.707727125768,5.953933644505588
108522,1710431700879,28200000,0.0,5.621686505952,1.5608672155177183,0.0,12.127638291487,3.261173834002726
108522,1710457200879,25500000,0.0,17.660574412533,3.85863379240396,0.0,39.114882506527,8.15044131431969
108522,1710489000879,300000,0.0,15.481264255458,0.8982556867360221,0.0,26.578038449006,2.133646115248225
108522,1710513900879,24900000,0.0,17.130576359492,3.350095105958113,0.0,38.532899022801,6.25462138175205
108522,1710542700879,28800000,0.0,19.178153446034,2.4562182827282544,0.0,40.390117035111,4.731455422387446
108522,1710569700879,300000,0.0,20.176991150442,3.3530942905135874,0.0,41.908882333661,6.942810473535133
108522,1710599100879,29400000,0.0,5.280993390747,4.070345316880263,0.0,11.802122972161,8.34421279710226
108522,1710627300879,28200000,0.0,17.546044098573,2.2395164302314887,0.0,38.858625162127,4.353424160033512
108522,1710660600879,300000,0.0,18.857884490591,4.080376356433412,0.0,40.101232965607,8.168260527230494
108522,1710688200879,27600000,0.0,5.726273726274,4.057817774518036,0.0,13.727872127872,8.278877664640504
108522,1710714600879,26400000,0.0,17.438493995456,2.9357411066574626,0.0,38.647192469977,5.592325589799909
108522,1710747000879,300000,0.0,5.113888611139,2.158099669092369,0.0,11.498050194981,3.901682632384645
108522,1710775500879,28500000,0.0,20.290311986864,3.654779445715512,0.0,41.786535303777,7.056862844020365
108522,1710801900879,26400000,0.0,17.905623787977,2.7881536969910714,0.0,39.079508726568,5.212246976077436
108522,1710831600879,300000,0.0,21.55888093689,3.0171605706009217,0.0,42.951203643461,6.080961203493628
108522,1710858300879,26700000,0.0,18.858262573481,3.3641587421701207,0.0,40.031352057479,7.047536548943062
108522,1710887400879,29100000,0.0,12.020698576973,2.803182405571341,0.0,22.771021992238,6.054344040629839
108522,1710889200879,28500000,0.0,4.749125087491,2.8145834498224023,0.0,12.935932033983,6.079846210505094
108522,1710918600879,29400000,0.0,6.699479791917,2.7998992489687784,0.0,13.704340868174,6.047256978988201
108522,1710941400879,22800000,0.0,9.160103937637,3.2720958117511896,0.0,27.343593843694,6.779337533347871
108522,1710965400879,24000000,0.0,5.767423257674,1.7822560152531786,0.0,12.29797020298,3.127990112965798
108522,1711008600879,300000,0.0,14.439780432677,2.609801172445028,0.0,25.245075879884,4.769652947097968
108522,1711035300879,26700000,0.0,18.085945072698,3.471157836930268,0.0,39.252988691438,5.850809271502135
108522,1711058700879,23400000,0.0,3.711571157116,2.9252923392109653,0.0,6.995899589959,6.12549923410314
108522,1711093500879,300000,0.0,21.971977842946,0.4632477187784527,0.0,43.440860215054,0.8812128484278037
108522,1711117500879,24000000,0.0,5.968012794882,0.0721449818254855,0.0,12.517393042783,0.1423612414880893
108522,1711146300879,28800000,0.0,5.446944694469,3.226626719099452,0.0,8.771277127713,5.697060113753328
108522,1711169100879,300000,0.0,19.864121643481,2.323456680408915,0.0,41.164671627305,4.7867198034199285
108522,1711189200879,20100000,0.0,16.360804672291,3.2852147141463512,0.0,37.915639195328,6.837288143184725
108522,1711216200879,27000000,0.0,5.923615276945,4.8718433446252005,0.0,12.311937612478,9.52486826099956
108522,1711234800879,18600000,0.0,4.792320767923,2.4798577848662022,0.0,11.007500750075,4.579993258497378
108522,1711269900879,300000,0.0,5.507240587237,2.528164805008917,0.0,12.034358769477,4.746757244964018
108522,1711296600879,26700000,0.0,4.998300849575,1.546650263057327,0.0,8.271864067966,2.8096560678565927
108522,1711314600879,18000000,2.471652379545,20.256476683938,4.477275182490806,4.263198344664,41.471502590674,7.887776293328221
108522,1711363500879,300000,0.0,5.657211346384,1.2238774373694523,0.0,12.14222932481,2.603902059311508
108522,1711389900879,26400000,0.0,20.710159039273,2.804990190187439,0.0,42.005194805195,4.852874008774895
108522,1711404600879,14700000,0.0,17.143966353931,3.2363433484111246,0.0,38.271109673245,6.124345846992773
108522,1711447800879,300000,0.0,18.33279273435,4.279851897928764,0.0,39.722348361985,7.45609182358098
108522,1711476600879,28800000,0.0,5.99100269919,2.1943778140180488,0.0,12.60821753474,4.16431680270789
108522,1711485900879,9300000,0.0,5.12252648411,2.924994397048172,0.0,11.557158601343,5.31041519976842
108522,1711526700879,300000,0.0,4.838735494198,1.450171708039409,0.0,11.306730673067,2.816614294045001
108522,1711554300879,27600000,0.0,6.252698920432,2.512105617321148,0.0,12.762894842063,4.496027136738436
108522,1711576200879,21900000,0.0,18.874716736808,3.384264881522057,0.0,29.720945289738,6.845101540102896
108522,1711614000879,300000,0.0,16.487046632124,4.166413048443646,0.0,37.997409326425,7.215548788215584
108522,1711640100879,26100000,0.0,21.673244904562,0.053862870171014,0.0,42.911679068263,0.0949709697491959
108522,1711666500879,26400000,0.0,15.300419490158,3.1821008856604003,0.0,26.199419167473,6.057251807714526
108522,1711677000879,300000,0.0,3.556501685294,2.854163447341106,0.0,7.419549405712,6.592809326331802
108522,1711704000879,27000000,0.0,3.405865657521,2.9899209887843776,0.0,6.803596781827,6.301036129898956
108522,1711730700879,26700000,0.0,3.616075650118,0.3230864741241306,0.0,7.254834703412,0.6908528134941663
108522,1711752900879,22200000,0.0,13.675500969619,4.221151873148033,0.0,24.426632191338,8.440070163797364
108522,1711782000879,300000,0.0,19.751368760064,2.8367452140930443,0.0,41.391304347826,5.040557014279028
108522,1711811700879,29700000,0.0,6.033193361328,4.524778988061584,0.0,12.589023293012,7.846126921706864
108522,1711836000879,24300000,3.022653338854,19.471063692208,5.567222420517863,5.026557047377,40.729388942774,10.549785141594915
108522,1711871100879,300000,0.0,19.716413078666,2.6918403651913034,0.0,30.228552929751,4.957451218013259
108522,1711894500879,23400000,2.625820568928,4.812787212787,4.793886603540251,4.580282689692,11.302297702298,11.244203455885598
108522,1711920300879,25800000,0.0,4.841789252477,4.241208373247076,0.0,8.236942165299,7.564356397241124
108522,1711959000879,300000,0.0,17.722957701001,1.2762533458579104,0.0,38.899580238941,2.566740192242397
108522,1711986600879,27600000,0.0,5.494650534947,3.005492458817977,0.0,11.911608839116,6.2003474390065465
108522,1711999200879,12600000,0.0,4.200460138041,1.8484515157499688,0.0,7.562268680604,3.303865707689213
108522,1712037300879,300000,0.0,17.022322872857,3.4221228258560683,0.0,28.120349401488,6.144181758626045
108522,1712054700879,17400000,2.482970671712,2.786825143398,2.486202449361234,4.4697256386,4.78457808527,4.472666738312189
108522,1712077200879,22500000,0.0,5.299470052995,3.8494863642324018,0.0,11.7136,8.012708438185113
108522,1712093100879,15900000,2.620273388958,5.418141814181,5.388477552665208,4.636487366116,11.952395239524,11.874828688350345
108522,1712124600879,300000,0.0,19.962520193861,2.401108993099464,0.0,41.406138933764,4.133407573861289
108522,1712151300879,26700000,0.0,13.080310880829,0.0542859097963303,0.0,23.857512953368,0.0869940722820261
108522,1712180100879,28800000,0.0,17.128072445019,5.18623046125573,0.0,38.397929472663,11.240181093029951
108522,1712211000879,300000,0.0,15.315687540349,0.24056186014023,0.0,26.228534538412,0.4254720090713211
108522,1712232300879,21300000,0.0,5.853970794159,0.0094705516942643,0.0,9.246649329866,0.0149592257215576
108522,1712254800879,22500000,0.0,4.996699009703,2.669540255056504,0.0,11.184792396198,5.863832028481756
108522,1712267700879,28500000,0.0,20.138915936384,1.956803053872748,0.0,41.563128854268,3.643012601346957
108522,1712290200879,300000,0.0,4.0064,2.35097950529276,0.0,7.3504,5.830621358195484
108522,1712316000879,25800000,0.0,6.500402252615,3.0061466201012506,0.0,13.080450522928,5.835496589499109
108522,1712337000879,21000000,0.0,17.223620522749,2.7125527146089925,0.0,38.32720232333,5.000616316926314
108522,1712352000879,15000000,0.0,4.633263326333,3.324973397721958,0.0,11.168483151685,6.691575163503519
108522,1712390100879,300000,0.0,18.56320724216,2.573808861572321,0.0,38.814239482201,5.39456791270713
108522,1712413200879,23100000,2.737800910865,5.571442855714,3.289358160742813,4.717572603064,12.078792120788,7.273988969592595
108522,1712439000879,25800000,0.0,17.71723692705,2.448252441684075,0.0,38.887023886378,4.749778136881741
108522,1712472900879,300000,0.0,17.861667744021,2.9587363639059947,0.0,39.632837750485,5.511813835208135
108522,1712494500879,26700000,0.0,15.777418311226,0.1434267303269659,0.0,26.903914590747,0.3211433149666976
108522,1712523000879,28500000,0.0,20.338282763073,4.4150697083613135,0.0,41.766300839251,9.928675143616664
108522,1712557200879,300000,0.0,5.648518815052,3.2427038913881114,0.0,12.187043156103,6.551393904159629
108522,1712585400879,28200000,2.96883316577,4.9232,4.042083758780788,6.377099597824,8372,7.637902886164302
108522,1712611800879,26400000,0.0,18.982786619032,1.093268633670609,0.0,40.233842156544,2.235998433671465
108522,1712638500879,300000,0.0,16.831168831169,3.567830196442143,0.0,38.158441558442,7.179844220629036
108522,1712664000879,25500000,0.0,23.50161394448,2.6937788608930404,0.0,45.118140735959,6.482805047247635
108522,1712677800879,13800000,0.0,5.928442934239,2.156327835289046,0.0,12.44533280032,3.884174793951144
108522,1712699700879,21900000,0.0,16.951211631664,1.980192161974642,0.0,38.353473344103,4.07489142201887
108522,1712724900879,300000,0.0,18.615136876006,4.275155778062223,0.0,28.609339774557,7.457248967812959
108522,1712751600879,26700000,0.0,18.709760827408,3.028176396326939,0.0,30.205559146736,6.1600812405297605
108522,1712773500879,21900000,3.767961681746,16.921981223697,4.955698995531149,7.615871326356,28.521851731952,8.368333413830179
108522,1712784600879,11100000,19.864121643481,19.864121643481,19.864121643481,41.335490132643,41.335490132643,41.335490132643
108522,1712808000879,300000,0.0,5.699810511619,4.562236002557781,0.0,9.08985738506,7.303916153811724
108522,1712832600879,24600000,0.0,3.767043102939,2.2620339048822653,0.0,7.631999053982,4.294536795376726
108522,1712854500879,21900000,0.0,6.216356728654,2.9645075336672737,0.0,12.75024995001,4.649434531423741
108522,1712872200879,17700000,4.478847884788,19.588881706529,5.328584790807062,7.78397839784,40.726567550097,10.074818164592688
108522,1712904300879,300000,0.0,20.682352941176,3.6605488952006944,0.0,46.980392156863,8.08472303113316
108522,1712932800879,28500000,0.0,5.853385338534,4.818658484972826,0.0,12028,8.531155330898034
108522,1712957100879,24300000,0.0,5.213635909227,1.7896105952197434,0.0,11.682095371389,3.249551114829965
108522,1712987100879,300000,0.0,20.092357723577,1.940942958556402,0.0,41.550569105691,4.169741321625593
108522,1713007200879,20100000,0.0,4.156093656194,0.5781423221236804,0.0,7.517310386232,1.2574176801736352
108522,1713031800879,24600000,0.0,14.911441499677,3.8360961612881046,0.0,25.310924369748,7.589194915922138
108522,1713037500879,5700000,5.454945494549,5.454945494549,5.454945494549,8.578457845785,8.578457845785,8.578457845785
108522,1713078600879,300000,0.0,7.281547559387,3.546812771033633,0.0,12.949478748998,6.083981764461155
108522,1713102300879,23700000,2.580080435297,5.743466506458,4.501285440370759,4.550272060563,12.319214979473,7.770305068552064
108522,1713132000879,29700000,0.0,5.579474844658,1.632813230521999,0.0,11.934819554134,2.7853527383445025
108522,1713161700879,300000,0.0,16.45869776482,3.125057341899066,0.0,37.885325558795,5.349962588456824
108522,1713190500879,28800000,0.0,16.532471728595,3.765175389811195,0.0,27.541195476575,7.246448623234296
108522,1713210300879,19800000,2.654990828945,5.969206158768,4.4124262254168,6.507070587539,12.565486902619,9.719428966133464
108522,1713247800879,300000,0.0,16.298023971493,2.6718590139008,0.0,27.229024943311,5.128847042520277
108522,1713265800879,18000000,0.0,4.4784,1.8156466999615224,0.0,7.8216,3.098848133840177
108522,1713293400879,27600000,0.0,5.079707970797,5.055029277849789,0.0,8.496849684968,8.456111641378554
108522,1713297300879,3900000,0.0,20.634858812074,2.100068262536485,0.0,49.877312560857,4.295439890420801
108522,1713334500879,300000,0.0,5.388244702119,3.3789497690318653,0.0,11.612438756124,5.675836661525253
108522,1713359100879,24600000,0.0,5.013205282113,1.7467791892810478,0.0,8.272108843537,2.967333689367629
108522,1713386400879,28500000,0.0,4.936987397479,0.5727029846756625,0.0,11.423884776955,1.1865701101167732
108522,1713417600879,300000,0.0,3.459306105562,3.070134645935888,0.0,7.449140020096,6.273901831919003
108522,1713445500879,27900000,0.0,5.425305795067,2.94856480403214,0.0,12.025666733507,6.715332384879005
108522,1713474300879,28800000,0.0,23.886194633042,2.9745242267787826,0.0,44.278047203362,6.19030623171614
108522,1713477600879,3300000,18.54851228978,19.968972204266,19.258971946232972,39.754204398448,41.171299288946,40.46298099875692
108522,1713504900879,27300000,0.0,18.475882162512,5.12759221564256,0.0,39.077622604742,10.437262196526776
108522,1713532500879,27600000,0.0,17.135467183964,4.378946703768683,0.0,30.934367927578,8.383496037586275
108522,1713559500879,27000000,0.0,20.516212710765,4.041861578389407,0.0,41.906614785992,8.06325330223563
108522,1713562800879,3300000,0.0,4.857742677197,2.6223833937726093,0.0,8.159152254324,5.086107290233951
108522,1713592500879,300000,0.0,21.236269093273,4.420940690209452,0.0,42.597335066623,8.923239328196836
108522,1713621300879,28800000,0.0,18.156837329877,2.730310992514532,0.0,39.611147116008,5.715287153474332
108522,1713650100879,28800000,0.0,22.217898832685,4.246394063599091,0.0,43.551232166018,8.166971199331886
108522,1713680400879,300000,0.0,19.265412070084,3.694483772715491,0.0,40.59961064244,7.351368496239389
108522,1713707700879,27300000,0.0,18.228997729484,4.181747327434086,0.0,39.465455724943,8.031819486216705
108522,1713736800879,29100000,0.0,22.569210866753,4.771037009864967,0.0,43.909443725744,9.546103231935268
108522,1713765900879,300000,0.0,19.0407239819,3.1868592731087184,0.0,40.41628959276,6.1235988284798895
108522,1713794100879,28200000,0.0,18.463533225284,4.601087169326686,0.0,39.706969205835,9.056062283723758
108522,1713823200879,29100000,0.0,20.197610590894,3.1777232174379817,0.0,41.397481433645,6.305823604685183
108522,1713851100879,300000,0.0,19.906614785992,3.986915174644674,0.0,42.347600518807,7.890798210785879
108522,1713879300879,28200000,0.0,18.61319534282,4.064825594612,0.0,39.03234152652,7.784190607341132
108522,1713908700879,29400000,0.0,23.649918962723,4.194286481443119,0.0,45.256401944895,8.283497453207543
108522,1713909600879,28800000,6288,6288,6288,12.8304,12.8304,12.8304
108522,1713939600879,300000,0.0,20.281361426256,3.921749843670861,0.0,42.113452188006,7.58417134365941
108522,1713968700879,29100000,0.0,21.592736705577,4.542045823834518,0.0,43.525291828794,8.544207295180792
108522,1713995100879,26400000,0.0,17.025308241402,4.092318540094339,0.0,38.315379623621,8.051484360466016
108522,1714025400879,300000,0.0,21.387702265372,4.830120713173448,0.0,42.782271109673,9.644848824766669
108522,1714053600879,28200000,0.0,18.849385908209,3.5483959845224,0.0,39.693595107821,7.248094926746449
108522,1714082400879,28800000,0.0,20.390589751853,3.8557007287447584,0.0,41.773767321947,7.600870674072175
108522,1714111800879,300000,0.0,20.504527813713,2.6706560014351908,0.0,41.85510996119,5.13995705807772
108522,1714139400879,27600000,0.0,22.022675736961,4.259758183607275,0.0,44.568837058633,8.530568811328562
108522,1714168200879,28800000,0.0,22.557973367977,4.407585774581318,0.0,45.846053913608,8.958102557840322
108522,1714195800879,300000,0.0,19.780335415982,3.7602583902342266,0.0,41.199605392963,7.208899819178887
108522,1714224000879,28200000,0.0,19.258971871969,3.174017215154959,0.0,40.002586485613,6.368496410561586
108522,1714250700879,26700000,0.0,28.243165004825,4.786213359426076,0.0,68.585397233837,9.442286143449277
108522,1714254900879,4200000,0.0,4.875824835033,0.4412739021492782,0.0,8.313537292541,0.7924904623965702
108522,1714284600879,29400000,0.0,21.538461538462,5.033494354809832,0.0,55.190923824959,10.14111143219285
108522,1714312500879,27900000,0.0,19.775048480931,4.502496267412464,0.0,41.169091496929,8.86210042428318
108522,1714341600879,29100000,0.0,19.53199741435,3.4195309614907727,0.0,41.407814013562,6.778503510916298
108522,1714368600879,300000,0.0,21.266514806378,3.5552102182499103,0.0,42.738691832086,6.993512566765567
108522,1714395600879,27000000,0.0,19.729886914378,3.452561115898082,0.0,41.388045234249,6.934851163857111
108522,1714423800879,28200000,0.0,19.208791208791,2.3515063497624595,0.0,41.05753070459,4.604038709733769
108522,1714425900879,2100000,0.0,5.907581516303,4.388536008190634,0.0,12.416883376675,8.239054641374882
108522,1714457400879,300000,0.0,19.371150729335,2.8898475867460616,0.0,40.689789303079,5.839736610343987
108522,1714485900879,28500000,0.0,19.445954692557,4.637933924127085,0.0,40.976367756556,9.43659461169305
108522,1714514400879,28500000,0.0,20.974375608174,3.844399103720909,0.0,42.890690885501,7.513519847951701
108522,1714543500879,300000,0.0,17.974667099708,3.3814528423801384,0.0,39.036771884152,6.929174233031134
108522,1714572000879,28500000,0.0,21.377821393523,4.115208330961954,0.0,42.962381419693,8.036655491932132
108522,1714600200879,28200000,0.0,19.379444085326,3.8123145693579743,0.0,40.147477360931,7.212798418661709
108522,1714630200879,300000,0.0,22.737524303305,3.740969605105189,0.0,44.127025275437,7.154081566103217
108522,1714659000879,28800000,0.0,18.197602850664,3.320562844105304,0.0,39.365079365079,6.691065244726843
108522,1714687200879,29100000,0.0,20.566990291262,5.2387368712247016,0.0,42.032362459547,10.043229673971975
108522,1714716000879,300000,0.0,18.391725921138,4.081215226624829,0.0,39.617323852618,8.579465954904862
108522,1714744800879,28800000,0.0,20.328891777706,6.1538568351869065,0.0,41.658758531037,11.875856661695044
108522,1714773600879,28800000,0.0,18.333764553687,3.8496024907188815,0.0,38.618369987063,7.775296902737353
108522,1714802700879,300000,0.0,21.004849660524,4.032371807760264,0.0,42.043323634012,8.090066582960333
108522,1714830000879,27300000,0.0,20.461687681862,4.039706037935132,0.0,42.056256062076,8.37394142554223
108522,1714858800879,28800000,0.0,20.723390488515,5.897003907220364,0.0,55.127790359107,11.83944418305201
108522,1714860000879,28500000,0.0,2.892147587512,1.2395833101741442,0.0,6.702459791864,2.8726947860413823
108522,1714889400879,29400000,0.0,17.211650485437,4.030909143443529,0.0,38.456458400777,7.859630305797375
108522,1714916700879,27300000,0.0,22.630420711974,4.169464928104982,0.0,44.287378640777,8.558396916333036
108522,1714945200879,28500000,0.0,17.941291585127,3.5897739441139715,0.0,39.598173515982,6.927687167069149
108522,1714946400879,29400000,0.0,22.418634746037,6.287151794962343,0.0,43.846004529279,11.357938929704831
108522,1714975200879,28800000,0.0,22.215603755261,3.7088231956173017,0.0,43.708643573972,7.570283246138838
108522,1714983300879,8100000,0.0,21.702537744941,3.730603802834937,0.0,43.158368133633,6.98011307849122
108522,1720777500879,300000,3.453104671792,6.013202640528,4.986998378548272,7.206150206978,12.330466093219,10.27640610551186
108522,1720781400879,3900000,0.0,5.025507652296,4.307824149062232,0.0,8.43132939882,7.2272667570889775
108522,1720782900879,3600000,4.557832650205,6.369289213236,5.463515656625198,8.075977206838,12.908127561731,10.491931610719018
108522,1720786200879,3300000,0.0,22.141518578352,2.829970409757972,0.0,43.417124394184,5.363191436340401
108522,1720794900879,300000,0.0,20.223731005496,2.61371889571522,0.0,41.564823795668,4.925417025760908
108522,1720799100879,4200000,0.0,5.456545654565,2.728409247744888,0.0,11.989198919892,5.994899204906246
108522,1720802700879,3600000,0.0,5.338932213557,3.5572079968677928,0.0,11.944811037792,8.168470792278825
108522,1720803300879,600000,2.887285629805,4.322767723228,3.40015688718649,4.859423975398,10.774122587741,6.708529056668192
108522,1720806600879,3600000,5.907790779078,5.907790779078,5.907790779078,12.462846284628,12.462846284628,12.462846284628
108522,1720810500879,3900000,0.0,4.678460769615,3.8569267415211863,0.0,8.006396801599,6.600479826158309
108522,1720813800879,3300000,0.0,5.751424857514,4.608057167370847,0.0,12.248375162484,9.732304399830856
108522,1720817100879,3600000,0.0,5.038192361528,3.040891188942668,0.0,11.555288942212,6.667964521235621
108522,1720820100879,3000000,0.0,2.977998580554,2.0276656696347626,0.0,6.853087295955,4.144517475746318
108522,1720824000879,300000,3.170158767633,5.124737421226,4.206232649191303,7.048574632592,11.2288,8.451307533133978
108522,1720826700879,2700000,3.208540925267,3.208540925267,3.208540925267,7.106049822064,7.106049822064,7.106049822064
108522,1720828500879,3000000,2.963103122044,16.599221789883,4.398367650837551,4.912015137181,37.927367055772,8.75948207214882
108522,1720833000879,4500000,4.666866686669,4.666866686669,4.666866686669,11.161116111611,11.161116111611,11.161116111611
108522,1720836300879,3300000,0.0,20.100840336134,2.9914870463438423,0.0,31.56043956044,5.769454860440672
108522,1720839900879,3600000,4772,4772,4772,11.2024,11.2024,11.202400000000004
108522,1720842900879,3000000,0.0,4.219621962196,3.317915220718925,0.0,7.375137513751,5.609335382425198
108522,1720844100879,1200000,0.0,0.0,0.0,0.0,0.0,0.0
108522,1720847400879,3300000,4.4544,4.4544,4.4544,10.9768,10.9768,10.9768
108522,1720848300879,900000,0.0,5.421394976484,4.696126491245384,0.0,11.923546482538,8.11936073598959
108522,1720851600879,3300000,0.0,19.935064935065,2.259772542993299,0.0,41.366233766234,4.583018622034629
108522,1720854900879,3300000,0.0,17.757928802589,4.78660917753704,0.0,28.864724919094,7.842883996507516
108522,1720857300879,2400000,0.0,5.903923138511,4.187871750774906,0.0,12.654007595443,9.543998612881472
108522,1720860000879,3600000,0.0,19.051813471503,6.266689136851815,0.0,40.373056994819,12.713313193535898
108522,1720861500879,1500000,0.0,0.0,0.0,0.0,0.0,0.0
108522,1720865400879,3900000,4.997700689793,4.997700689793,4.997700689793,8.319904028791,8.319904028791,8.319904028791
108522,1720868700879,3300000,0.0,5.310931093109,2.819915350256104,0.0,11.887588758876,5.203545104839043
108522,1720872000879,3300000,4.838251475443,4.838251475443,4.838251475443,11.337801340402,11.337801340402,11.337801340402
108522,1720874100879,2100000,3.354991419611,3.354991419611,3.354991419611,5.328599325404,5.328599325404,5.328599325404
108522,1720878900879,4800000,4.817118288171,4.817118288171,4.817118288171,11.390860913909,11.390860913909,11.390860913909
108522,1720880700879,1800000,5.02,5.02,5.02,11.57795779578,11.57795779578,11.57795779578
108522,1720884300879,3600000,0.0,5.87524990004,3.0185201110635305,0.0,11.407422226668,5.941270036136535
108522,1720887600879,3300000,0.0,3.619070152609,2.410664307982656,0.0,7.140558447705,4.829677600295407
108522,1720891200879,3600000,0.0,4.905728281516,1.9168285732095465,0.0,11.342662934826,3.782900415765426
108522,1720894500879,3300000,0.0,4.807834515839,3.495514352599794,0.0,11.24253022884,7.266511211421698
108522,1720898100879,3600000,0.0,0.0,0.0,0.0,0.0,0.0
108522,1720901400879,3300000,0.0,14.788193318197,2.9377841323845724,0.0,25.855335711969,6.0599821825054345
108522,1720905300879,3900000,2.784172236352,2.784172236352,2.784172236352,4.79015850485,4.79015850485,4.79015850485
108522,1720907100879,1800000,0.0,4.711386584025,4.215685705066379,0.0,10.889311068893,9.105256219666078
108522,1720913100879,300000,0.0,20.040220564385,2.6760920143143414,0.0,41.450535192994,5.429148088499318
108522,1720914900879,1800000,4.734546909382,5.194680531947,4.934818549355327,8.5872,11.434404082858,10.152173624809617
108522,1720917900879,3000000,0.0,3.22211067147,2.4871071840595294,0.0,7.061713813264,4.391869128686449
108522,1720918800879,3300000,0.0,3.629305243224,3.159279154541152,0.0,5.679251982483,4.982275133519585
108522,1720921800879,3000000,5.358905204275,5.358905204275,5.358905204275,8.783138547598,8.783138547598,8.783138547598
108522,1720925700879,3900000,2.437991602105,18.314970836034,6.350630158223863,4.403335501804,39.582766439909,13.64084954251098
108522,1720926600879,900000,3.014052772013,3.057960728649,3.021713997473527,6.846368218203,6.91696238467,6.858685753951368
108522,1720931700879,5100000,4.590859085909,4.590859085909,4.590859085909,7.853585358536,7.853585358536,7.853585358536001
108522,1720935300879,3600000,0.0,16.336243129648,2.237833217667641,0.0,37.848043970255,3.747880924504592
108522,1720937100879,3600000,4.4296,4.4296,4.4296,8.8536,8.8536,8.8536
108522,1720940700879,3600000,3.684920165582,15.446411329257,5.511012409397661,7.565700768776,26.348245896363,10.481883716949664
108522,1720943400879,2700000,0.0,15.29541761456,2.807450482374048,0.0,26.412739681508,5.00469663841465
108522,1720947000879,3600000,0.0,0.0,0.0,0.0,0.0,0.0
108522,1720950000879,3000000,4.646864686469,24.476221287609,7.105572523593553,11.095509550955,46.180524102232,15.573839230449869
108522,1720953300879,3300000,2.541587901701,5.806993006993,2.89475707125188,4.543005671078,12.293306693307,6.425812434294493
108522,1720956600879,3300000,0.0,6.774709883954,3.995983050104664,0.0,12.89955982393,7.27527115349594
108522,1720959000879,2400000,0.0,22.673575129534,3.1694814060596004,0.0,43.435233160622,6.427366000186891
108522,1720961400879,2400000,0.0,3.9900009999,3.398884042638293,0.0,7.338466153385,6.396310412209945
108522,1720964400879,3000000,2.885168313317,6.633950120676,4.482500940763535,4.897592143406,13.257441673371,8.11632754751426
108522,1720968300879,3900000,0.0,3.022117090479,2.239929234393653,0.0,6.74819633353,4.804933791431106
108522,1720976400879,300000,0.0,16.705654281099,4.619329780159968,0.0,37.632310177706,9.67586203309526
108522,1720977000879,600000,0.0,3.364786567341,1.5119186236950817,0.0,7.254109022112,3.0925127760670024
108522,1720981200879,4200000,5.61703829617,5.61703829617,5.61703829617,12.11398860114,12.11398860114,12.11398860114
108522,1720984800879,3600000,0.0,4.882888288829,3.7044952066806496,0.0,11.314068593141,7.645196068513291
108522,1720985700879,1800000,0.0,20.04915912031,1.9837135715484584,0.0,41.705045278137,3.853499833585921
108522,1720988400879,2700000,0.0,0.0,0.0,0.0,0.0,0.0
108522,1720990500879,2100000,0.0,0.0,0.0,0.0,0.0,0.0
108522,1720993800879,3300000,0.0,3.472215653819,3.0813067723265624,0.0,7.552612910854,6.327763649274028
108522,1721000700879,300000,0.0,2.770923286213,1.6624431347963518,0.0,6.562015733128,3.936946959247475
108522,1721006400879,5700000,0.0,0.0,0.0,0.0,0.0,0.0
108522,1721009700879,3300000,0.0,19.327296248383,5.937452514698784,0.0,40.600258732212,12.59297080326361
108522,1721018400879,300000,0.0,16.422416585682,2.758379451180176,0.0,27.221250404924,4.743906067560128
108522,1721022300879,3900000,4.972280596417,4.972280596417,4.972280596417,11.530471329931,11.530471329931,11.530471329931
108522,1721025600879,3300000,0.0,5.008201640328,2.6972316684830933,0.0,11.52550510102,4.95978068787343
108522,1721028000879,2400000,5.493493493493,5.493493493493,5.493493493493,12.045645645646,12.045645645646,12.045645645646
108522,1721030700879,3600000,0.0,5.238952209558,4.191895220955738,0.0,8.583083383323,6.867668338332066
108522,1721034300879,3600000,0.0,4612,3.4948075173235185,0.0,11.2048,7.854335049999335
108522,1721037600879,3300000,0.0,17.047310434219,3.890430049487274,0.0,38.089436163318,8.456964217927789
108522,1721040300879,2700000,0.0,6.592940705929,1.313460877612327,0.0,13.123487651235,2.6765993227447407
108522,1721043300879,3000000,2.506121000651,3.107641353206,2.654477023332539,4.299248920693,6.969008753253,4.735107992713997
108522,1721044800879,1500000,0.0,0.0,0.0,0.0,0.0,0.0
108522,1721048400879,3600000,5.146629325865,5.146629325865,5.146629325865,11.587117423485,11.587117423485,11.587117423485
108522,1721051100879,2700000,0.0,5.466479887933,4.195856409325222,0.0,11.930358214929,8.64596835389443
108522,1721054100879,3000000,4.799520047995,4.799520047995,4.799520047995,8.195180481952,8.195180481952,8.195180481952
108522,1721057700879,3600000,4.966453674121,13.189259139437,5.339963286516631,8.161341853035,23.878356518926,11.706881190411828
108522,1721058300879,600000,2.47616794796,2.47616794796,2.47616794796,4.425783560024,4.425783560024,4.425783560024
108522,1721061900879,3600000,0.0,4.936987397479,2.9501295508933443,0.0,11.342268453691,6.18858432049367
108522,1721068500879,300000,0.0,20.71377863827,7.615624058808343,0.0,41.959341723136,14.97055186276662
108522,1721071800879,3300000,0.0,4.967806438712,2.4844000496829035,0.0,11.4825034993,5.742400114836449
108522,1721079600879,300000,2.690672194255,2.690672194255,2.690672194255,4.477346757477,4.477346757477,4.477346757477
108522,1721085000879,300000,0.0,17.030754289414,3.673163698062877,0.0,38.332146325672,6.954886890279616
108522,1721089800879,4800000,0.0,5.399739973997,2.6993300130011,0.0,11.978797879788,5.988201060106022
108522,1721093400879,3600000,0.0,5.533846615338,4.6320645468667525,0.0,12.155584441556,9.983256435136225
108522,1721097300879,3900000,4.570285942811,4.570285942811,4.570285942811,11.101779644071,11.101779644071,11.101779644071
108522,1721100300879,3000000,4.308676529388,6.012397520496,4.684156485433827,9.370125974805,11.120175964807,10.55388588472126
108522,1721102400879,2100000,0.0,15.635423400129,3.38593909372715,0.0,26.715809893307,7.379540295426354
108522,1721106900879,4500000,4.424545272836,4.424545272836,4.424545272836,7.824105536678,7.824105536678,7.824105536678
108522,1721110200879,3300000,0.0,4.263626362636,1.9265328191315083,0.0,7.643164316432,3.616047846367883
108522,1721113500879,3300000,0.0,6.4256,1.2850171883437669,0.0,12.9712,2.594032456649133
108522,1721116800879,3300000,0.0,21.748224661072,3.721158028349904,0.0,42.977404777276,8.249338829934654
108522,1721119500879,2700000,0.0,4.67299810057,2.362823716769924,0.0,8.091172648206,4.736816256613363
108522,1721123700879,4200000,0.0,5.737147429486,2.8695782680474773,0.0,12.190438087618,6.097353544449686
108522,1721127000879,3300000,0.0,12.338631203373,0.5392977556770647,0.0,23.03211157963,1.0925265667653428
108522,1721135400879,3600000,0.0,20.689032258065,1.9162934557708728,0.0,41.997419354839,3.957682271949482
108522,1721137800879,2400000,0.0,4.681736347269,2.3434464804243245,0.0,8.012802560512,4.010814058275708
108522,1721140500879,2700000,4.918157289897,4.918157289897,4.918157289897,8.344558808834,8.344558808834,8.344558808834
108522,1721151900879,300000,0.0,19.494342062722,4.019645708307061,0.0,40.625929518267,8.164308555598588
108522,1721161500879,300000,0.0,3.449458804046,3.0148236305530856,0.0,7.335186609097,6.753501845899329
108522,1721169300879,300000,0.0,17.445378151261,2.2775880510233195,0.0,28.349062702004,4.316261538130458
108522,1721174700879,5400000,4.902709729027,4.902709729027,4.902709729027,11.294070592941,11.294070592941,11.294070592941
108522,1721178600879,3900000,5.144514451445,18.406462035541,10.200114713171288,11.599559955996,40.964135702746,22.56051934714346
108522,1721179500879,900000,0.0,5.338664534186,0.9812913096082676,0.0,11.948820471811,1.9790631049268408
108522,1721186700879,300000,0.0,14.196382428941,5.642890646235819,0.0,25.036175710594,10.010758852167545
108522,1721191500879,4800000,0.0,0.0,0.0,0.0,0.0,0.0
108522,1721194500879,3000000,2.913819600426,20.090590111643,4.604976280119684,5.615790409579,41.765869218501,10.159176374233756
108522,1721203200879,3300000,2.877520846886,3.157969471069,2.9752640518526765,4.985802177,7.532836350728,6.610771548534243
108522,1721208000879,4800000,3.623972075963,3.623972075963,3.623972075963,5.623617109389,5.623617109389,5.623617109389
108522,1721211600879,3600000,2.483704974271,3.263288594572,2.9692104389527096,4.420890755308,6.760023654642,5.517772380235737
108522,1721211900879,300000,0.0,5.276289484206,2.638408451093614,0.0,8.621289355322,4.311075569771922
108522,1721217000879,5100000,0.0,0.0,0.0,0.0,0.0,0.0
108522,1721220300879,3300000,0.0,5.053810762152,1.699892506461264,0.0,8.410482096419,3.659152484250524
108522,1721228400879,300000,0.0,3.186568928825,3.0488125361309453,0.0,6.846868161117,6.377809116052204
108522,1721233500879,5100000,4.561712342468,5.4792,5.020502050204773,11.135027005401,13.2264,12.18081808180814
108522,1721236800879,3300000,0.0,5.3296,3.63051433423691,0.0,11.210721072107,7.057507905548778
108522,1721247600879,3600000,0.0,13.135609756098,6.604387493566777,0.0,24.096260162602,12.766040089460056
108522,1721249700879,2100000,0.0,6.091390860914,4.043897617197568,0.0,12.603539646035,7.406486924145599
108522,1721252100879,2400000,0.0,21.164458804523,10.5753955440747,0.0,42.597738287561,21.28511462705865
108522,1721261400879,300000,0.0,2.968940424777,1.5726150286877525,0.0,6.894251242016,2.8795403398190795
108522,1721264700879,3300000,0.0,5.754175417542,5.117276310568728,0.0,11.652365236524,8.490175633361721
108522,1721268600879,3900000,2.580690960719,2.580690960719,2.580690960719,4.573592049219,4.573592049219,4.573592049219
108522,1721270400879,1800000,0.0,3.907493937422,3.3331407153603188,0.0,6.166439936121,5.570784100746726
108522,1721273400879,3000000,0.0,0.0,0.0,0.0,0.0,0.0
108522,1721276700879,3300000,0.0,5.39921976593,4.462713697288996,0.0,16.628988696609,13.211504715801343
108522,1721277600879,900000,0.0,17.641955325348,1.9143506669895969,0.0,38.831984460991,3.3567490576678733
108522,1721288400879,300000,0.0,5.826617338266,0.923427991886382,0.0,9.002299770023,1.426724137931035
108522,1721291700879,3300000,4.771691323471,4.771691323471,4.771691323471,11.351459416234,11.351459416234,11.351459416234
108522,1721294700879,3000000,2.862380980543,17.249918962723,10.374239624603646,5.459641653362,38.895299837925,22.578215651251245
108522,1721296500879,1800000,4.811681168117,4.811681168117,4.811681168117,11.328332833283,11.328332833283,11.328332833283
108522,1721299500879,3000000,0.0,0.0,0.0,0.0,0.0,0.0
108522,1721302800879,3300000,0.0,0.0,0.0,0.0,0.0,0.0
108522,1721306400879,3600000,0.0,6.118823764753,3.612585075064549,0.0,12.327265453091,7.490188134898918
108522,1721310000879,3600000,0.0,0.0,0.0,0.0,0.0,0.0
108522,1721310900879,900000,0.0,2.479479597871,1.3862704132485506,0.0,4.450384387936,2.488198011339279
108522,1721320200879,300000,0.0,22.474718196457,1.1823059647129055,0.0,43.609661835749,2.352720201557936
108522,1721328300879,3300000,4.604581374412,4.604581374412,4.604581374412,7.873562068621,7.873562068621,7.873562068620999
108522,1721337000879,300000,0.0,19.383225806452,3.325011814809088,0.0,40.554838709677,6.22329333158158
108522,1721343900879,300000,0.0,5.816510093944,1.9279955689447703,0.0,12.331001399161,4.105080384900553
108522,1721345400879,1500000,2.962052252039,3.128748004022,3.0287265523741795,4.887575363518,5.092199420427,4.969420075598875
108522,1721350200879,4800000,0.0,5.77324535093,3.9325966298313735,0.0,12.456708658268,7.284564228211211
108522,1721359200879,300000,0.0,6.307292707293,4.7871575612700825,0.0,12.339701910573,10.38327702501006
108522,1721361000879,3300000,0.0,4.747024107232,2.262805587047348,0.0,8.177653295989,4.386571753524342
108522,1721368800879,300000,0.0,0.0,0.0,0.0,0.0,0.0
108522,1721373900879,5100000,5.752449510098,5.752449510098,5.752449510098,9.19176164767,9.19176164767,9.19176164767
108522,1721375700879,1800000,3.592955915376,6.0416,4.750485179508638,5.7421108616,9.6784,7.602883482005181
108522,1721385300879,300000,0.0,19.868016987912,3.291665808966579,0.0,41.142110421431,5.928957839869889
108522,1721388300879,3000000,2.985385480149,18.605504587156,5.027814313592051,5.095083131176,39.29750982962,11.01192340515822
108522,1721391600879,3300000,0.0,5.0288,3.2789053949645512,0.0,11.8,7.710277074730381
108522,1721394900879,3900000,0.0,16.832848367281,3.3158680088260577,0.0,38.251535725833,6.467521060328014
108522,1721395800879,900000,0.0,3.149766451842,1.0035630819134158,0.0,5.261751315556,1.6764733027787777
108522,1721399700879,3900000,0.0,4.96300739852,2.482124168255164,0.0,11.768846230754,5.885894441854816
108522,1721403000879,3300000,0.0,5.782843431314,4.05129248496628,0.0,11.957195719572,8.719080978936251
108522,1721403900879,900000,0.0,3.683357966302,2.8811644012971063,0.0,7.511912503695,5.204428291572999
108522,1721407200879,3300000,4.800320128051,4.800320128051,4.800320128051,8.187274909964,8.187274909964,8.187274909964
108522,1721410800879,3600000,0.0,5.521847815218,0.95223104297834,0.0,20.398760123988,2.780933479332029
108522,1721414100879,3300000,0.0,2.986105362739,2.8558435160601454,0.0,6.826464849524,5.223508335937395
108522,1721417700879,3600000,0.0,6.1072,2.90401732313371,0.0,12.6944,6.409916605783117
108522,1721421000879,3300000,0.0,5.65307753797,1.2298503891452943,0.0,12.209432454037,2.535396518038416
108522,1721424300879,3300000,0.0,4.752150430086,2.37512497500499,0.0,8.102420484097,4.049590081983694
108522,1721426400879,2100000,0.0,5.88298829883,4.051001671595823,0.0,12.946094609461,8.559586484362733
108522,1721428200879,300000,2.679122568438,2.679122568438,2.679122568438,6.534145331993,6.534145331993,6.534145331993
108522,1721434500879,6300000,0.0,5.882447021192,4.110102752568861,0.0,12.050015004501,8.239605990149844
108522,1721437200879,3600000,0.0,5.486902619476,2.3394001317961384,0.0,12.067986402719,4.866933056850838
108522,1721442900879,5700000,5.209562868861,5.209562868861,5.209562868861,11.773131939582,11.773131939582,11.773131939582
108522,1721444700879,300000,0.0,0.0,0.0,0.0,0.0,0.0
108522,1721448900879,4200000,0.0,0.0,0.0,0.0,0.0,0.0
108522,1721451000879,2100000,0.0,5.453381352541,0.7786649516949614,0.0,8.760304121649,1.2508462813697394
108522,1721454000879,3000000,0.0,2.685910327694,2.2969766301523897,0.0,6.826925351946,5.769303698750243
108522,1721457900879,3900000,5.292541491702,5.292541491702,5.292541491702,11.823235352929,11.823235352929,11.823235352929
108522,1721461500879,3600000,0.0,6052,3.4550762181779686,0.0,12.5944,7.46458291328317
108522,1721464200879,2700000,3.903454803597,6.949325337331,4.512884743002021,7.651680075722,13.530034982509,8.827844799392185
108522,1721467500879,3300000,0.0,13.015852474927,1.192426488695352,0.0,23.896473633128,2.447764924900424
108522,1721470200879,2700000,0.0,16.012932428063,0.323534791356372,0.0,27.132234076948,0.548195761803978
108522,1721478300879,300000,0.0,21.030714516651,3.8179352811680367,0.0,43.83058519237,7.198822838781191
108522,1721482500879,4200000,4.565369610883,4.565369610883,4.565369610883,11.114534360308,11.114534360308,11.114534360308
108522,1721483400879,900000,4.365019011407,5.087852711627,4.686518022224593,7.658995397238,11.600360036004,9.430298133370956
108522,1721486700879,3300000,0.0,2.790961788714,2.35933954808938,0.0,4.783153909854,4.043439157695079
108522,1721491200879,300000,4.693215929558,4.693215929558,4.693215929558,8.493095857515,8.493095857515,8.493095857515
108522,1721495100879,3900000,2.857345635202,17.57045675413,4.134798221217287,4.828010409274,38.955620343375,7.617107669941487
108522,1721500500879,5400000,0.0,0.0,0.0,0.0,0.0,0.0
108522,1721503800879,300000,0.0,3.075795199243,2.890500931201301,0.0,5.054747546411,4.759335622434025
108522,1721507100879,3300000,0.0,0.0,0.0,0.0,0.0,0.0
108522,1721509800879,2700000,0.0,0.0,0.0,0.0,0.0,0.0
108522,1721511600879,3600000,0.0,17.375647668394,3.646390888121396,0.0,31.963742311428,7.284502485702757
108522,1721520300879,300000,0.0,18.120388349515,3.538067483470753,0.0,29.976213436194,7.819400854782154
108522,1721528400879,300000,0.0,14.25364904314,2.934847484643724,0.0,25.510217320791,6.665348309549808
108522,1721532300879,3900000,5.21624324865,5.21624324865,5.21624324865,11.687937587518,11.687937587518,11.687937587518
108522,1721535900879,3600000,0.0,4.948346488161,3.000368807988981,0.0,8.347687081627,5.516944016402207
108522,1721538900879,3000000,0.0,17.357027463651,2.3275016037536167,0.0,28.445880452342,3.814468376665404
108522,1721542200879,3300000,0.0,0.0,0.0,0.0,0.0,0.0
108522,1721544000879,1800000,0.0,5.452326163082,3.978771432074213,0.0,12.004402201101,7.872462310122588
108522,1721547000879,3000000,0.0,5.169883011699,2.5852000258520857,0.0,11.691630836916,5.846400058463846
108522,1721549400879,2400000,0.0,5.610638936106,4.75977431430484,0.0,8.942305769423,7.688601934504911
108522,1721552700879,3300000,2.977404471785,3.349639607704,3.0259448807136726,4.965272436846,5.364527945173,5.020457655626116
108522,1721553300879,600000,0.0,2.66130463067,2.5308398370690885,0.0,6.513927494234,6.194596066981123
108522,1721558100879,4800000,4.851540616246,6.534039788064,5.693168783397722,9.865840247926,11.40856342537,10.636854706576573
108522,1721560500879,2400000,0.0,6.400640384231,5.256514157609295,0.0,11.402859714029,8.542340053722256
108522,1721563800879,3300000,0.0,0.0,0.0,0.0,0.0,0.0
108522,1721565900879,2100000,5.08988988989,5.547252747253,5.438342557910538,8.2002002002,12.132667332667,11.69929045888578
108522,1721569200879,3300000,2.508133688258,17.652764306499,3.3948345607308354,4.555811889973,27.804720336243,6.5662814119676005
108522,1721571600879,2400000,0.0,5.075105147206,4.059820170065514,0.0,11.625876226717,9.30009633906704
108522,1721573100879,1500000,0.0,0.0,0.0,0.0,0.0,0.0
108522,1721578200879,5100000,0.0,3.372804163956,2.8516277441618287,0.0,7.263736913704,6.141321198179403
108522,1721585100879,300000,3.128068618752,19.527131782946,5.297870021227551,5.109494232476,41.103359173127,11.401835568913118
108522,1721587500879,2400000,0.0,0.0,0.0,0.0,0.0,0.0
108522,1721591100879,3600000,0.0,4.967503249675,2.484124206210294,0.0,11.513248675132,5.757487874393476
108522,1721594400879,3300000,2.675019206903,5.245875412459,3.189159602674988,4.732580816737,11.767623237676,6.13950489392087
108522,1721596800879,2400000,5.004898530441,5.004898530441,5.004898530441,11.504548635409,11.504548635409,11.504548635409
108522,1721598300879,1500000,5.682631736826,5.682631736826,5.682631736826,9.392660733927,9.392660733927,9.392660733927
108522,1721603700879,300000,0.0,17.282482223659,2.9685655342187376,0.0,39.270846800259,5.460786850477151
108522,1721606400879,2700000,4.873185867281,4.873185867281,4.873185867281,8.208187368632,8.208187368632,8.208187368632
108522,1721609400879,3000000,0.0,0.0,0.0,0.0,0.0,0.0
108522,1721611500879,2100000,0.0,16.469361147327,4.225344347476522,0.0,38.164276401565,8.414406548266625
108522,1721619900879,300000,0.0,16.168121564824,2.27881321155586,0.0,27.445198836081,4.954166002189037
108522,1721628000879,300000,0.0,18.630525976121,2.2801646428732663,0.0,39.801226202001,4.975122442112808
108522,1721630700879,3300000,4.5904,5.261304521809,4.925751605095067,8.0616,11.723889555822,9.89219532458696
108522,1721632500879,1800000,4.6624,5.410117976405,5.036261324894197,11.1568,11.675264947011,11.416034093759093
108522,1721636100879,3600000,0.0,5.377062293771,2.6035215546967576,0.0,11.946805319468,5.297676631859787
108522,1721639400879,3300000,0.0,5.273018414732,4.735244190718231,0.0,11.920736589271,10.854944933207088
108522,1721643000879,3600000,2.627706139832,15.078221356702,4.097805569121513,4.693245001775,27.554690035703,8.628625502942723
108522,1721646600879,3600000,0.0,3.529690087533,2.8467612074932886,0.0,7.285545303998,6.043331078873246
108522,1721649900879,3300000,0.0,5.2856,2.6433286657331463,0.0,11.4576,5.72994598919784
108522,1721652900879,3000000,0.0,3.361845607808,2.364723071901798,0.0,7.115527950311,5.031615809035018
108522,1721656200879,3300000,0.0,19.025974025974,4.562182839155276,0.0,40.612987012987,8.63921639760548
108522,1721659800879,3600000,3.038447888324,5.139369684842,4.08889565532935,6.912575417012,11.769084542271,9.34079962532118
108522,1721661000879,1200000,0.0,21.121761658031,2.707426124881437,0.0,41.634715025907,5.450485334121185
108522,1721663400879,2400000,5.722633580148,5.722633580148,5.722633580148,9.548929357615,9.548929357615,9.548929357615
108522,1721667300879,3900000,0.0,0.0,0.0,0.0,0.0,0.0
108522,1721668800879,1500000,0.0,3.264310661221,2.871932225198266,0.0,7.021606582608,5.48273733483525
108522,1721673900879,5100000,0.0,5.171434286857,1.6016799440018783,0.0,11.697539507902,3.253224892503624
108522,1721677500879,3600000,0.0,3.079214944431,1.1040082462939895,0.0,6.937337432017,2.0913179975911858
108522,1721678100879,600000,0.0,17.898480439703,1.2846335916833291,0.0,39.387002909796,2.82693646447299
108522,1721683800879,5700000,0.0,0.0,0.0,0.0,0.0,0.0
108522,1721685600879,2400000,2.947169141573,2.947169141573,2.9471691415730006,6.804945867597,6.804945867597,6.804945867597
108522,1721691600879,300000,0.0,5.9104,3.096404238099754,0.0,13.6608,6.617028924925737
108522,1721694600879,3000000,0.0,5.385322935413,2.36568906649452,0.0,11.771714142929,4.841574461305607
108522,1721697600879,3000000,4.0504,4.634736526347,4.16728366734662,8.000799920008,10.542654265427,10.034212221574538
108522,1721700300879,2700000,3.63567541992,3.63567541992,3.63567541992,7.561864206293,7.561864206293,7.561864206293
108522,1721702700879,2400000,0.0,3.469662921348,2.1466977349651084,0.0,7.382613837966,4.538646265880648
108522,1721706900879,4200000,4.891735041025,4.891735041025,4.891735041025,11.657394436662,11.657394436662,11.657394436662
108522,1721712300879,3600000,3.085186938003,5.659531906381,3.371174410348229,6.917179365831,12.132826565313,7.496592683605634
108522,1721716800879,4500000,0.0,0.0,0.0,0.0,0.0,0.0
108522,1721720100879,3300000,0.0,3.002775973067,1.9196480799273044,0.0,6.855117831197,3.664853186574277
108522,1721723100879,3000000,5.1496,5.1496,5.1496,8.18401840184,8.18401840184,8.18401840184
108522,1721725200879,2100000,0.0,5.170917091709,0.7385863664933188,0.0,11.696369636964,1.6706473915776676
108522,1721729100879,3900000,0.0,17.613445378151,3.062201089623401,0.0,38.888529886914,5.519859202324571
108522,1721733300879,4200000,5.338933893389,5.338933893389,5.338933893389,8.740874087409,8.740874087409,8.740874087409
108522,1721736900879,3600000,0.0,17.069435431538,3.45915209448858,0.0,38.426995457495,6.8060522439193205
108522,1721739300879,2400000,0.0,4.5904,2.942024971240004,0.0,7.9408,5.25757479662126
108522,1721742000879,2700000,4.828468612555,4.828468612555,4.828468612555,8.199120351859,8.199120351859,8.199120351859
108522,1721743500879,1500000,0.0,5.353335333533,4.058336616258945,0.0,11.770879230923,8.116334781680617
108522,1721746800879,3600000,0.0,5.241324132413,3.393309420937735,0.0,11.4425114977,5.959339218746296
108522,1721750400879,3600000,4.772813593203,4.98700259948,4.956391057335847,10.192503748126,10.719456108778,10.64414494002829
108522,1721751900879,1500000,0.0,5.057663579325,3.7530903342735327,0.0,11.026897310269,8.290258348624603
108522,1721754600879,2700000,0.0,3.165375746467,0.743177390173182,0.0,7.012830367173,1.672578479783107
108522,1721763000879,300000,0.0,4.758352448389,3.998764668114677,0.0,11.289518300588,8.559783628452909
108522,1721767200879,4200000,2.963523499852,13.743989603639,3.7335389238757712,6.777889447236,24.712150747238,8.05887838468306
108522,1721770800879,3600000,0.0,5.935612877425,0.6444303137384481,0.0,12.515896820636,1.2146975480224766
108522,1721779500879,300000,0.0,19.870550161812,3.815308030990693,0.0,40.968284789644,7.303774006283127
108522,1721782800879,3300000,0.0,4.561263242055,4.338004339687458,0.0,10.983010193884,10.445427802679292
108522,1721784600879,1800000,0.0,0.0,0.0,0.0,0.0,0.0
108522,1721787600879,3000000,0.0,17.469809493058,3.7785585338220886,0.0,38.742008395221,7.935910871300216
108522,1721792700879,300000,0.0,4.678596421074,2.4122502879345795,0.0,8.047185844247,4.164733735580232
108522,1721799300879,6600000,4.829434113177,4.829434113177,4.829434113177,8.163967206559,8.163967206559,8.163967206559
108522,1721805000879,300000,0.0,5.34693877551,3.4951966015872764,0.0,8.588235294118,6.1341797299530025
108522,1721809800879,4800000,4.593481303739,4.593481303739,4.593481303739,7.81123775245,7.81123775245,7.81123775245
108522,1721812500879,2700000,2.826925351946,4.833916608339,3.5713944106806967,4.833786821247,8.11198880112,6.508720370297914
108522,1721814900879,2400000,0.0,5.8816,3.4933454577458827,0.0,12.3064,6.759219603811428
108522,1721817600879,2700000,0.0,5.828217178282,3.185714308647528,0.0,12.408359164084,6.370258735457822
108522,1721821500879,3900000,1.983682156793,1.983682156793,1.983682156793,3.936620551023,3.936620551023,3.936620551023
108522,1721829600879,300000,0.0,19.842275371687,6.607590276523848,0.0,41.062702003878,14.0144435665068
108522,1721830200879,600000,0.0,19.889860706187,1.9938301851737417,0.0,41.28798185941,3.54643608887012
108522,1721834100879,3900000,2.817949504242,2.817949504242,2.817949504242,6.080752325463,6.080752325463,6.080752325463
108522,1721836800879,2700000,0.0,5.098470458862,1.4371607590186066,0.0,11.609317204839,3.1430259023014457
108522,1721840400879,3600000,0.0,0.0,0.0,0.0,0.0,0.0
108522,1721843400879,3000000,0.0,5.451235370611,1.0899853729522235,0.0,11.992397719316,2.39790381665632
108522,1721846100879,2700000,0.0,2.911026975864,2.5285954847837977,0.0,4.917652626597,4.31043682434577
108522,1721854800879,300000,0.0,5.258422473258,2.5371303051916,0.0,11.838848345496,4.438328513626596
108522,1721857500879,2700000,5.059058260176,5.059058260176,5.059058260176,8.40782122905,8.40782122905,8.40782122905
108522,1721862300879,300000,2.909907779617,5.169316931693,3.4639110772397745,6.186805391345,9.585758575858,7.267869034135781
108522,1721866800879,4500000,5.1256,5.534706941388,5.3301227830702524,9008,12.050410082016,10.5289768260196
108522,1721868600879,1800000,4.8368,5.61096109611,5.018430539114369,8.2296,12.125212521252,10.575089654717486
108522,1721871600879,3000000,0.0,3.086018326929,2.6097390260975923,0.0,5.708069760568,4.827117288271558
108522,1721874900879,3300000,4.837916208379,4.837916208379,4.837916208379,8.238376162384,8.238376162384,8.238376162384
108522,1721878800879,3900000,3.184668165148,3.184668165148,3.184668165148,7.066840175086,7.066840175086,7.066840175086
108522,1721882400879,3600000,0.0,5.257051410282,4.363872466511804,0.0,8.800960192038,7.601813753146826
108522,1721884500879,2100000,5.176282371763,5.2152,5.191848800369522,11.688431156884,11.6896,11.688898675428725
108522,1721892900879,300000,0.0,5.354393681895,4.015594461618189,0.0,12.077176846946,9.0574297184319
108522,1721896500879,3600000,2.922940445916,4.9688,3.1546699358988697,4.940216427178,11.4896,6.4808842268639335
108522,1721901300879,300000,4.479295859172,4.479295859172,4.479295859172,7.827965593119,7.827965593119,7.827965593119
108522,1721904900879,3600000,2.965872123972,2.965872123972,2.965872123972,4.953214644822,4.953214644822,4.953214644822
108522,1721905500879,600000,2.822638831392,17.3527696793,3.30101487932046,4.795079543438,38.556527372854,5.873370618779698
108522,1721910600879,5100000,4.739852029594,4.739852029594,4.739852029594,11.27774445111,11.27774445111,11.27774445111
108522,1721914200879,3600000,0.0,16.708697057873,3.841027650852883,0.0,38.347235693501,8.44465091582749
108522,1721922000879,3900000,0.0,6.218934319704,4.491345423190896,0.0,10.823529411765,7.813718300351139
108522,1721922900879,900000,2.729595457771,3.776889244302,3.235426222496227,4.698367636622,7.077968812475,5.9032540070304265
108522,1721925900879,3000000,0.0,5.358407522257,2.679136779359928,0.0,8.795438631589,4.397609370062963
108522,1721929200879,3300000,0.0,6.6672,4.141641740747384,0.0,13.206679332067,7.389442766362897
108522,1721931000879,1800000,0.0,5.556022829679,4.208527967718142,0.0,12.159006708721,8.392283909731175
108522,1721936400879,5400000,5.536553655366,5.536553655366,5.536553655366,12.05400540054,12.05400540054,12.05400540054
108522,1721939400879,3000000,0.0,5.455163450965,2.1993436955466743,0.0,11.924422673198,4.695174043254173
108522,1721942700879,3300000,4.914891489149,4.914891489149,4.914891489149,8.321632163216,8.321632163216,8.321632163216
108522,1721943600879,900000,0.0,0.0,0.0,0.0,0.0,0.0
108522,1721948100879,300000,0.0,19.953428201811,2.248030767375061,0.0,41.050452781371,3.8370302587442953
108522,1721951100879,3000000,5.320796238872,5.320796238872,5.320796238872,11.965189556867,11.965189556867,11.965189556867
108522,1721954400879,3300000,0.0,5.5672,3.1538773966190616,0.0,12.2096,6.7377894175658
108522,1721957400879,3000000,0.0,3.384560780834,2.77254499523208,0.0,7.039168192828,5.265421722332
108522,1721960400879,3000000,0.0,6.951304869513,2.399315921097855,0.0,11.450854914509,4.817119794923072
108522,1721965800879,300000,2.834634492548,16.911917098446,3.824621494381653,4.831322450911,38.108808290155,6.784449182753529
108522,1721970300879,4500000,0.0,0.0,0.0,0.0,0.0,0.0
108522,1721972400879,2100000,0.0,0.0,0.0,0.0,0.0,0.0
108522,1721976000879,3600000,0.0,6.130026005201,3.239142338722156,0.0,9.493098619724,5.408831489385844
108522,1721979300879,3600000,15.115135834411,15.115135834411,15.115135834411,26.005174644243,26.005174644243,26.005174644243
108522,1721982300879,3000000,0.0,3.176247929974,2.3799949410270265,0.0,6.951502247457,4.455988728607013
108522,1721985900879,3600000,3.875587558756,14.635157008741,5.177079757374868,7.187118711871,25.569439948203,11.284511713069309
108522,1721989200879,3300000,0.0,6.79094006815,1.2724719747715156,0.0,13.393465624374,2.421563888313503
108522,1721991000879,1800000,0.0,24.276575121163,5.487052749064747,0.0,47.113408723748,9.967785899319647
108522,1721995500879,4500000,4.955582232893,4.955582232893,4.955582232893,8.363345338135,8.363345338135,8.363345338135
108522,1722002400879,300000,0.0,2.764608469364,0.6077990299973541,0.0,4.766501064585,1.0479150142380171
108522,1722004500879,2100000,0.0,6.781843631274,4.706826281494949,0.0,13.434913017397,10.355901083603197
108522,1722007800879,3300000,0.0,20.449903038138,3.10725966820305,0.0,41.875363254763,5.989970297574903
108522,1722011400879,3600000,0.0,6.008199180082,4.2862661327145855,0.0,12.572342765723,8.737630039331275
108522,1722016500879,300000,2.76822993672,19.682170542636,8.862848313555675,4.784197764504,40.542635658915,18.290192543421565
108522,1722021900879,5400000,4.856485648565,4.856485648565,4.856485648565,11.357935793579,11.357935793579,11.357935793579
108522,1722024600879,2700000,3.021045164341,21.076326002587,9.213524980305086,5.007330338141,42.56403622251,17.673220052100117
108522,1722030600879,300000,5.562643735626,5.562643735626,5.562643735626001,12.197180281972,12.197180281972,12.197180281972
108522,1722032700879,300000,3.13360132419,3.13360132419,3.13360132419,5.126507448569,5.126507448569,5.126507448569
108522,1722034500879,300000,5.737721316395,5.737721316395,5.737721316395,12.275682704811,12.275682704811,12.275682704811
108522,1722035100879,300000,0.0,0.0,0.0,0.0,0.0,0.0
108522,1722039300879,300000,4.467386954782,5.8672,5.167503491350575,7.873549419768,12.4848,10.179866535836226
108522,1722039900879,300000,0.0,5.405123053742,2.696331930246623,0.0,8.822099447514,4.400881940268685
108522,1722045000879,300000,5.22775444911,5.22775444911,5.22775444911,8.851029794041,8.851029794041,8.851029794041
108522,1722048000879,300000,0.0,0.0,0.0,0.0,0.0,0.0
108522,1722048300879,300000,5.491275301625,19.146562905318,8.702569107465262,8.878253066108,40.332036316472,16.275192790381492
108522,1722050700879,300000,14.453781512605,14.453781512605,14.453781512605,25.194956353055,25.194956353055,25.194956353055005
108522,1722051300879,300000,2.655633053552,2.655633053552,2.655633053552,6.489183118572,6.489183118572,6.489183118572
108522,1722055800879,300000,0.0,5.4944,2.7472,0.0,11.9928,5.9964
108522,1722057000879,300000,5.863731865933,5.863731865933,5.863731865933,12.487843921961,12.487843921961,12.487843921961
108522,1722057300879,300000,0.0,0.0,0.0,0.0,0.0,0.0
108522,1722057900879,300000,2.777074584492,2.777074584492,2.777074584492,6.626367776661,6.626367776661,6.6263677766610005
108522,1722059400879,300000,4.954590918184,4.954590918184,4.954590918184,8.400080016003,8.400080016003,8.400080016003
108522,1722059700879,300000,3.537369914853,18.294270833333,5.805219723222718,5.397350993377,39.78125,10.68149020417314
108522,1722060900879,300000,0.0,0.0,0.0,0.0,0.0,0.0
108522,1722064200879,300000,4.766876687669,4.766876687669,4.766876687669,11.267526752675,11.267526752675,11.267526752675
108522,1722066000879,300000,0.0,5.107421484297,3.136143366953832,0.0,11.674334866973,6.446122134384519
108522,1722069000879,300000,0.0,5.208279172083,3.572639392671788,0.0,11.736426357364,7.721283585903273
108522,1722069900879,300000,0.0,2.915025722902,1.6901627998616,0.0,6.864171249483,3.277295119311
108522,1722072000879,300000,5.167532986805,5.167532986805,5.167532986805,8.656537385046,8.656537385046,8.656537385046
108522,1722072900879,300000,5456,5456,5456,11992,11992,11992
108522,1722075900879,300000,17.716504854369,17.716504854369,17.716504854369,28.825889967638,28.825889967638,28.825889967638
108522,1722076800879,300000,5.430026970333,5.430026970333,5.430026970333,8.807911297573,8.807911297573,8.807911297573
108522,1722077100879,300000,2.799290360733,2.95204871992,2.8756695403265,4.947673387335,6.624246008279,5.785959697807
