Time;Interval;Min op-reachability (%);Max op-reachability (%);Avg op-reachability (%);Min in-octets (kbit/s);Max in-octets (kbit/s);Avg in-octets (kbit/s);Min in-utilization (%);Max in-utilization (%);Avg in-utilization (%);Min in-errors (%);Max in-errors (%);Avg in-errors (%);Min in-discards (%);Max in-discards (%);Avg in-discards (%);Min out-octets (kbit/s);Max out-octets (kbit/s);Avg out-octets (kbit/s);Min out-utilization (%);Max out-utilization (%);Avg out-utilization (%);Min out-errors (%);Max out-errors (%);Avg out-errors (%);Min out-discards (%);Max out-discards (%);Avg out-discards (%)
1709247600793;300000;100.0;100.0;100.0;0.0;275.252949410118;10.693384885285594;0.0;0.027525294941011802;0.0010693384885285594;0.0;0.0;0.0;0.0;0.0;0.0;0.0;17492.084;18.815167550582192;0.0;1.7492083999999999;0.0018815167550582193;0.0;0.0;0.0;0.0;0.0;0.0
1709277300793;29700000;100.0;100.0;100.0;0.0;75695.6432;44.79189021185515;0.0;7.569564320000001;0.004479189021185515;0.0;0.0;0.0;0.0;0.0;0.0;0.0;962.6104;12.731036475923368;0.0;0.09626104;0.0012731036475923368;0.0;0.0;0.0;0.0;0.0;0.0
1709307000793;29700000;100.0;100.0;100.0;0.0;11390.8149629926;23.229242427226602;0.0;1.13908149629926;0.00232292424272266;0.0;0.0;0.0;0.0;0.404522352453;1.366356289344839E-4;0.0;53783.360063993605;130.66727370133324;0.0;5.378336006399361;0.013066727370133325;0.0;0.0;0.0;0.0;0.0;0.0
1709334000793;27000000;100.0;100.0;100.0;0.0;278.553455345535;15.116930909352083;0.0;0.0278553455345535;0.0015116930909352085;0.0;0.0;0.0;0.0;0.0;0.0;0.0;27966.270399999998;32.62048254660305;0.0;2.7966270399999997;0.003262048254660305;0.0;0.0;0.0;0.0;0.0;0.0
1709363700793;29700000;100.0;100.0;100.0;0.0;2146.4832;17.13852903488716;0.0;0.21464832000000003;0.001713852903488716;0.0;0.0;0.0;0.0;0.0;0.0;0.0;174.785235570671;18.387620433336096;0.0;0.0174785235570671;0.0018387620433336098;0.0;0.0;0.0;0.0;0.0;0.0
1709393400793;29700000;100.0;100.0;100.0;0.0;887.860027994401;15.87612448388105;0.0;0.0887860027994401;0.001587612448388105;0.0;0.0;0.0;0.0;0.0;0.0;0.0;374.127812781278;18.230588405183642;0.0;0.037412781278127805;0.0018230588405183643;0.0;0.0;0.0;0.0;0.0;0.0
1709420400793;27000000;100.0;100.0;100.0;0.0;78.8008;14.75120695873788;0.0;0.00788008;0.001475120695873788;0.0;0.0;0.0;0.0;0.0;0.0;0.0;58.074457753318;17.897650375506018;0.0;0.0058074457753318;0.001789765037550602;0.0;0.0;0.0;0.0;0.0;0.0
1709450100793;29700000;100.0;100.0;100.0;0.0;9912.434356564343;19.37927023969566;0.0;0.9912434356564344;0.0019379270239695662;0.0;0.0;0.0;0.0;0.0;0.0;0.0;172.2416;18.10984454730006;0.0;0.017224160000000002;0.0018109844547300061;0.0;0.0;0.0;0.0;0.0;0.0
1709479800793;29700000;100.0;100.0;100.0;0.0;1422.6584;15.675349439838113;0.0;0.14226584;0.0015675349439838115;0.0;0.0;0.0;0.0;0.0;0.0;0.0;108.693077230892;17.986637259789493;0.0;0.010869307723089201;0.0017986637259789493;0.0;0.0;0.0;0.0;0.0;0.0
1709506800793;27000000;100.0;100.0;100.0;0.0;1965.3192;17.257558352897107;0.0;0.19653192;0.0017257558352897107;0.0;0.0;0.0;0.0;0.0;0.0;0.0;48096.108799999995;85.66123175474274;0.0;4.809610879999999;0.008566123175474274;0.0;0.0;0.0;0.0;0.0;0.0
1709536500793;29700000;100.0;100.0;100.0;0.0;307.405140514051;14.982060417148578;0.0;0.030740514051405102;0.0014982060417148579;0.0;0.0;0.0;0.0;0.0;0.0;0.0;102.918875662699;17.98479510979084;0.0;0.0102918875662699;0.0017984795109790843;0.0;0.0;0.0;0.0;0.0;0.0
1709566200793;29700000;100.0;100.0;100.0;0.0;1239.531246875312;14.877772784632139;0.0;0.12395312468753121;0.0014877772784632139;0.0;0.0;0.0;0.0;0.0;0.0;0.0;135.452054794521;15.77965738583658;0.0;0.013545205479452099;0.0015779657385836582;0.0;0.0;0.0;0.0;0.0;0.0
1709593200793;27000000;100.0;100.0;100.0;0.0;3566.4336;28.325917228542085;0.0;0.35664336;0.0028325917228542085;0.0;0.0;0.0;0.0;0.0;0.0;0.0;49492.17436512698;514.1675318577304;0.0;4.949217436512698;0.051416753185773045;0.0;0.0;0.0;0.0;0.0;0.0
1709622600793;29400000;100.0;100.0;100.0;0.0;25675.936787357474;29.865778844403923;0.0;2.5675936787357476;0.0029865778844403927;0.0;0.0;0.0;0.0;0.549797205949;1.8775351180138613E-4;0.0;384.141628325665;18.319690934274387;0.0;0.038414162832566504;0.0018319690934274389;0.0;0.0;0.0;0.0;0.0;0.0
1709652000793;29400000;100.0;100.0;100.0;0.0;1223.3528;14.018145935343444;0.0;0.12233527999999999;0.0014018145935343444;0.0;0.0;0.0;0.0;0.0;0.0;0.0;8356.99089908991;17.227640553736723;0.0;0.835699089908991;0.0017227640553736723;0.0;0.0;0.0;0.0;0.0;0.0
1709679600793;27600000;100.0;100.0;100.0;0.0;5959.108710871087;52.19504164378212;0.0;0.5959108710871087;0.005219504164378212;0.0;0.0;0.0;0.0;0.0;0.0;0.0;54586.34833033393;1499.1897730602493;0.0;5.458634833033393;0.14991897730602494;0.0;0.0;0.0;0.0;0.0;0.0
1709709000793;29400000;100.0;100.0;100.0;0.0;2234.258174182582;12.176970821700191;0.0;0.2234258174182582;0.0012176970821700193;0.0;0.0;0.0;0.0;0.0;0.0;0.0;242.4568;12.135587748482745;0.0;0.02424568;0.0012135587748482745;0.0;0.0;0.0;0.0;0.0;0.0
1709738400793;29400000;100.0;100.0;100.0;0.0;55234.9536;31.89452916102203;0.0;5.52349536;0.0031894529161022034;0.0;0.0;0.0;0.0;0.0;0.0;0.0;597.6232;13.343530332711651;0.0;0.05976232;0.0013343530332711653;0.0;0.0;0.0;0.0;0.0;0.0
1709766000793;27600000;100.0;100.0;100.0;0.0;17806.242927121864;18.09872449942302;0.0;1.7806242927121865;0.001809872449942302;0.0;0.0;0.0;0.0;0.0;0.0;0.0;32610.72507250725;32.80888740516479;0.0;3.2610725072507254;0.003280888740516479;0.0;0.0;0.0;0.0;0.0;0.0
1709795400793;29400000;100.0;100.0;100.0;0.0;302.468646864686;10.5005019961385;0.0;0.0302468646864686;0.00105005019961385;0.0;0.0;0.0;0.0;0.0;0.0;0.0;53.120287971203;12.037744114903935;0.0;0.0053120287971203;0.0012037744114903935;0.0;0.0;0.0;0.0;0.0;0.0
1709824800793;29400000;100.0;100.0;100.0;0.0;5333.44451109778;16.09157026784698;0.0;0.533344451109778;0.0016091570267846979;0.0;0.0;0.0;0.0;0.0;0.0;0.0;375.7336;12.489922671347554;0.0;0.03757336000000001;0.0012489922671347555;0.0;0.0;0.0;0.0;0.0;0.0
1709852400793;27600000;100.0;100.0;100.0;0.0;278.926614677065;10.522941665135864;0.0;0.0278926614677065;0.0010522941665135864;0.0;0.0;0.0;0.0;0.0;0.0;0.0;113.723717115135;12.109515685760895;0.0;0.0113723717115135;0.0012109515685760897;0.0;0.0;0.0;0.0;0.0;0.0
1709881800793;29400000;100.0;100.0;100.0;0.0;4951.839183918392;13.160311447398264;0.0;0.4951839183918393;0.0013160311447398265;0.0;0.0;0.0;0.0;0.0;0.0;0.0;221.525962981491;12.208807224701115;0.0;0.022152596298149103;0.0012208807224701114;0.0;0.0;0.0;0.0;0.0;0.0
1709911200793;29400000;100.0;100.0;100.0;0.0;3345.465306938612;12.079666160102901;0.0;0.3345465306938612;0.00120796661601029;0.0;0.0;0.0;0.0;0.0;0.0;0.0;133.7864;12.193124393246238;0.0;0.013378639999999999;0.001219312439324624;0.0;0.0;0.0;0.0;0.0;0.0
1709938800793;27600000;100.0;100.0;100.0;0.0;141.037896210379;10.288527494403558;0.0;0.0141037896210379;0.001028852749440356;0.0;0.0;0.0;0.0;0.0;0.0;0.0;81.682231776822;12.051367251674623;0.0;0.0081682231776822;0.0012051367251674624;0.0;0.0;0.0;0.0;0.0;0.0
1709968200793;29400000;100.0;100.0;100.0;0.0;11502.645870825834;14.323445521950099;0.0;1.1502645870825834;0.0014323445521950099;0.0;0.0;0.0;0.0;0.0;0.0;0.0;183.032193561288;12.16928779015318;0.0;0.018303219356128803;0.0012169287790153181;0.0;0.0;0.0;0.0;0.0;0.0
1709997600793;29400000;100.0;100.0;100.0;0.0;1093.629362936294;11.122954459808238;0.0;0.1093629362936294;0.0011122954459808238;0.0;0.0;0.0;0.0;0.0;0.0;0.0;145.893789378938;12.209067595830335;0.0;0.014589378937893801;0.0012209067595830335;0.0;0.0;0.0;0.0;0.0;0.0
1710025200793;27600000;100.0;100.0;100.0;0.0;279.1432;10.425409289560495;0.0;0.02791432;0.0010425409289560495;0.0;0.0;0.0;0.0;0.0;0.0;0.0;62.332166783322;12.052727273177329;0.0;0.0062332166783322;0.001205272727317733;0.0;0.0;0.0;0.0;0.0;0.0
1710054600793;29400000;100.0;100.0;100.0;0.0;2752.930306969303;11.702696595490872;0.0;0.2752930306969303;0.0011702696595490873;0.0;0.0;0.0;0.0;0.0;0.0;0.0;530.982806877249;12.331806731329657;0.0;0.0530982806877249;0.0012331806731329658;0.0;0.0;0.0;0.0;0.0;0.0
1710084000793;29400000;100.0;100.0;100.0;0.0;918.105557776889;11.012674632327016;0.0;0.0918105557776889;0.0011012674632327017;0.0;0.0;0.0;0.0;0.0;0.0;0.0;72.315231523152;12.123864629751372;0.0;0.0072315231523152;0.0012123864629751374;0.0;0.0;0.0;0.0;0.0;0.0
1710111600793;27600000;100.0;100.0;100.0;0.0;108.11398860114;10.270496534185462;0.0;0.010811398860114;0.0010270496534185462;0.0;0.0;0.0;0.0;0.0;0.0;0.0;57.835816418358;12.039508005377307;0.0;0.0057835816418358;0.0012039508005377308;0.0;0.0;0.0;0.0;0.0;0.0
1710141000793;29400000;100.0;100.0;100.0;0.0;922.3592;10.834823065633751;0.0;0.09223592;0.0010834823065633751;0.0;0.0;0.0;0.0;0.0;0.0;0.0;126.419841984198;12.142112342502251;0.0;0.0126419841984198;0.001214211234250225;0.0;0.0;0.0;0.0;0.0;0.0
1710170400793;29400000;100.0;100.0;100.0;0.0;336.3944;10.83757933328425;0.0;0.03363944000000001;0.001083757933328425;0.0;0.0;0.0;0.0;0.0;0.0;0.0;73.9184;12.170494979317535;0.0;0.007391840000000001;0.0012170494979317536;0.0;0.0;0.0;0.0;0.0;0.0
1710198000793;27600000;100.0;100.0;100.0;0.0;85.465346534653;10.23242937332713;0.0;0.008546534653465299;0.0010232429373327131;0.0;0.0;0.0;0.0;0.0;0.0;0.0;48.764076407641;12.003685630107809;0.0;0.0048764076407641;0.0012003685630107808;0.0;0.0;0.0;0.0;0.0;0.0
1710227400793;29400000;100.0;100.0;100.0;0.0;2248.116;12.137071131781228;0.0;0.2248116;0.001213707113178123;0.0;0.0;0.0;0.0;0.0;0.0;0.0;171.464;12.16370140243659;0.0;0.0171464;0.0012163701402436592;0.0;0.0;0.0;0.0;0.0;0.0
1710256800793;29400000;100.0;100.0;100.0;0.0;884.521252125213;11.52122241996974;0.0;0.0884521252125213;0.001152122241996974;0.0;0.0;0.0;0.0;0.0;0.0;0.0;95.449434830449;12.139943346854668;0.0;0.0095449434830449;0.001213994334685467;0.0;0.0;0.0;0.0;0.0;0.0
1710284400793;27600000;100.0;100.0;100.0;0.0;107.884411558844;10.247479668550277;0.0;0.0107884411558844;0.0010247479668550278;0.0;0.0;0.0;0.0;0.0;0.0;0.0;57.51904809519;12.010900933428008;0.0;0.005751904809519001;0.0012010900933428009;0.0;0.0;0.0;0.0;0.0;0.0
1710313800793;29400000;100.0;100.0;100.0;0.0;360501.0556222489;285.2087552934358;0.0;36.05010556222489;0.02852087552934358;0.0;0.0;0.0;0.0;2.55379803219;0.002175573049492065;0.0;98761.08209851822;260.01879882765377;0.0;9.876108209851823;0.026001879882765377;0.0;0.0;0.0;0.0;0.0;0.0
1710343200793;29400000;100.0;100.0;100.0;0.0;1253.930193019302;11.255572133697452;0.0;0.1253930193019302;0.0011255572133697452;0.0;0.0;0.0;0.0;0.0;0.0;0.0;113161.91459145914;67.23940259019544;0.0;11.316191459145914;0.006723940259019544;0.0;0.0;0.0;0.0;0.0;0.0
1710370800793;27600000;100.0;100.0;100.0;0.0;92625.17063412683;53.79600479411968;0.0;9.262517063412684;0.0053796004794119685;0.0;0.0;0.0;0.0;0.0;0.0;0.0;1303.805561112222;17.249365997099105;0.0;0.1303805561112222;0.0017249365997099105;0.0;0.0;0.0;0.0;0.0;0.0
1710400200793;29400000;100.0;100.0;100.0;0.0;461.513708224935;14.708515783435425;0.0;0.0461513708224935;0.0014708515783435426;0.0;0.0;0.0;0.0;0.0;0.0;0.0;68.55851170234;18.0847630966976;0.0;0.006855851170234;0.0018084763096697602;0.0;0.0;0.0;0.0;0.0;0.0
1710429600793;29400000;100.0;100.0;100.0;0.0;20722.151415141518;37.34391731148325;0.0;2.072215141514152;0.0037343917311483256;0.0;0.0;0.0;0.0;1.676778819636;5.726132122001243E-4;0.0;8389.8056;54.63264274378253;0.0;0.83898056;0.005463264274378253;0.0;0.0;0.0;0.0;0.0;0.0
1710457200793;27600000;100.0;100.0;100.0;0.0;4980.228845769154;522.9994236090291;0.0;0.4980228845769154;0.052299942360902914;0.0;0.0;0.0;0.0;0.0;0.0;0.0;61707.42845715428;20623.89346982512;0.0;6.170742845715428;2.062389346982512;0.0;0.0;0.0;0.0;0.0;0.0
1710486600793;29400000;100.0;100.0;100.0;0.0;8986.047199999999;607.6447386861955;0.0;0.8986047199999999;0.06076447386861956;0.0;0.0;0.0;0.0;0.0;0.0;0.0;62516.630273945215;24353.48408097655;0.0;6.251663027394522;2.435348408097655;0.0;0.0;0.0;0.0;0.0;0.0
1710516000793;29400000;100.0;100.0;100.0;0.0;15285.958791758352;17.332144615059;0.0;1.5285958791758354;0.0017332144615059002;0.0;0.0;0.0;0.0;0.0;0.0;0.0;213.736573657366;12.59166391300132;0.0;0.0213736573657366;0.001259166391300132;0.0;0.0;0.0;0.0;0.0;0.0
1710543600793;27600000;100.0;100.0;100.0;0.0;3345.0176;12.501522898236836;0.0;0.33450176000000004;0.0012501522898236835;0.0;0.0;0.0;0.0;0.0;0.0;0.0;132.731053789242;12.183246058801817;0.0;0.0132731053789242;0.0012183246058801818;0.0;0.0;0.0;0.0;0.0;0.0
1710573000793;29400000;100.0;100.0;100.0;0.0;9749.991199999999;14.257083563300263;0.0;0.9749991199999999;0.0014257083563300264;0.0;0.0;0.0;0.0;0.0;0.0;0.0;137.5504;12.140981879045937;0.0;0.01375504;0.0012140981879045936;0.0;0.0;0.0;0.0;0.0;0.0
1710602400793;29400000;100.0;100.0;100.0;0.0;104.615938406159;10.606288808308094;0.0;0.010461593840615901;0.0010606288808308094;0.0;0.0;0.0;0.0;0.0;0.0;0.0;54.704129587041;12.081205845908755;0.0;0.0054704129587041005;0.0012081205845908755;0.0;0.0;0.0;0.0;0.0;0.0
1710630000793;27600000;100.0;100.0;100.0;0.0;2962.321007395563;12.076707339126212;0.0;0.2962321007395563;0.0012076707339126213;0.0;0.0;0.0;0.0;0.0;0.0;0.0;255.3696;12.208114962652328;0.0;0.02553696;0.001220811496265233;0.0;0.0;0.0;0.0;0.0;0.0
1710659400793;29400000;100.0;100.0;100.0;0.0;781.8728;10.960183649733983;0.0;0.07818728;0.0010960183649733983;0.0;0.0;0.0;0.0;0.0;0.0;0.0;86.2192;12.099975307096944;0.0;0.00862192;0.0012099975307096945;0.0;0.0;0.0;0.0;0.0;0.0
1710688800793;29400000;100.0;100.0;100.0;0.0;2261.422684536908;12.235570253547529;0.0;0.22614226845369081;0.001223557025354753;0.0;0.0;0.0;0.0;0.0;0.0;0.0;580.5344;12.39316539213215;0.0;0.058053440000000005;0.0012393165392132152;0.0;0.0;0.0;0.0;0.0;0.0
1710716400793;27600000;100.0;100.0;100.0;0.0;86.582025392382;10.430881309382753;0.0;0.0086582025392382;0.0010430881309382754;0.0;0.0;0.0;0.0;0.0;0.0;0.0;49.582725182445;12.051069574718515;0.0;0.004958272518244501;0.0012051069574718514;0.0;0.0;0.0;0.0;0.0;0.0
1710745800793;29400000;100.0;100.0;100.0;0.0;3356.579542045795;12.250607046983145;0.0;0.3356579542045795;0.0012250607046983145;0.0;0.0;0.0;0.0;0.0;0.0;0.0;152.135932033983;12.075590254730114;0.0;0.015213593203398303;0.0012075590254730115;0.0;0.0;0.0;0.0;0.0;0.0
1710775200793;29400000;100.0;100.0;100.0;0.0;1463.228954209158;15.00647228486225;0.0;0.1463228954209158;0.001500647228486225;0.0;0.0;0.0;0.0;0.0;0.0;0.0;178.0304;15.13814454434795;0.0;0.01780304;0.0015138144544347952;0.0;0.0;0.0;0.0;0.0;0.0
1710802800793;27600000;100.0;100.0;100.0;0.0;3537.523047695231;16.057474068094976;0.0;0.35375230476952313;0.0016057474068094976;0.0;0.0;0.0;0.0;0.0;0.0;0.0;65.095090490951;18.028606141221474;0.0;0.0065095090490951;0.0018028606141221475;0.0;0.0;0.0;0.0;0.0;0.0
1710832200793;29400000;100.0;100.0;100.0;0.0;684.111611161116;14.977319620923087;0.0;0.0684111611161116;0.0014977319620923088;0.0;0.0;0.0;0.0;0.0;0.0;0.0;83.960396039604;18.038878968624054;0.0;0.008396039603960402;0.0018038878968624054;0.0;0.0;0.0;0.0;0.0;0.0
1710861600793;29400000;100.0;100.0;100.0;0.0;1450.079615923185;17.449827763467127;0.0;0.1450079615923185;0.0017449827763467128;0.0;0.0;0.0;0.0;0.0;0.0;0.0;154.265706282513;14.818265016089946;0.0;0.015426570628251302;0.0014818265016089947;0.0;0.0;0.0;0.0;0.0;0.0
1710889200793;27600000;100.0;100.0;100.0;0.0;2206.934880464139;16.502432193681177;0.0;0.22069348804641392;0.0016502432193681177;0.0;0.0;0.0;0.0;0.0;0.0;0.0;63.4944;13.323755172342691;0.0;0.0063494400000000005;0.0013323755172342693;0.0;0.0;0.0;0.0;0.0;0.0
1710918600793;29400000;100.0;100.0;100.0;0.0;7078.1056;19.80752226671431;0.0;0.70781056;0.0019807522266714313;0.0;0.0;0.0;0.0;0.0;0.0;0.0;134.482551744826;13.440971961729941;0.0;0.013448255174482601;0.0013440971961729941;0.0;0.0;0.0;0.0;0.0;0.0
1710948000793;29400000;100.0;100.0;100.0;0.0;1687.076892310769;17.13114253293719;0.0;0.1687076892310769;0.001713114253293719;0.0;0.0;0.0;0.0;0.0;0.0;0.0;195.952;13.570596119554567;0.0;0.0195952;0.0013570596119554569;0.0;0.0;0.0;0.0;0.0;0.0
1710975600793;27600000;100.0;100.0;100.0;0.0;314.058194180582;16.005536724398887;0.0;0.0314058194180582;0.0016005536724398887;0.0;0.0;0.0;0.0;0.0;0.0;0.0;80.8016;13.540795286163704;0.0;0.00808016;0.0013540795286163705;0.0;0.0;0.0;0.0;0.0;0.0
1711005000793;29400000;100.0;100.0;100.0;0.0;19982.626399999997;26.246373643617268;0.0;1.9982626399999999;0.002624637364361727;0.0;0.0;0.0;0.0;0.0;0.0;0.0;215.8296;13.801987618683293;0.0;0.02158296;0.0013801987618683295;0.0;0.0;0.0;0.0;0.0;0.0
1711034400793;29400000;100.0;100.0;100.0;0.0;56212.44648929786;36.22508060284073;0.0;5.621244648929786;0.003622508060284073;0.0;0.0;0.0;0.0;0.0;0.0;0.0;940.929785957191;14.10797853799686;0.0;0.0940929785957191;0.0014107978537996862;0.0;0.0;0.0;0.0;0.0;0.0
1711062000793;27600000;100.0;100.0;100.0;0.0;284.319695908773;15.7568539156992;0.0;0.0284319695908773;0.00157568539156992;0.0;0.0;0.0;0.0;0.0;0.0;0.0;50.4592;13.473787839379124;0.0;0.005045920000000001;0.0013473787839379124;0.0;0.0;0.0;0.0;0.0;0.0
1711091400793;29400000;100.0;100.0;100.0;0.0;6545.50398724083;19.472709029091284;0.0;0.654550398724083;0.0019472709029091284;0.0;0.0;0.0;0.0;0.0;0.0;0.0;127.681631836816;13.568392487490705;0.0;0.0127681631836816;0.0013568392487490705;0.0;0.0;0.0;0.0;0.0;0.0
1711120800793;29400000;100.0;100.0;100.0;0.0;735.347934793479;16.328950012062176;0.0;0.07353479347934791;0.0016328950012062177;0.0;0.0;0.0;0.0;0.0;0.0;0.0;207.130313031303;13.62191175975346;0.0;0.0207130313031303;0.001362191175975346;0.0;0.0;0.0;0.0;0.0;0.0
1711148400793;27600000;100.0;100.0;100.0;0.0;33169.8624;31.61169997639063;0.0;3.31698624;0.003161169997639063;0.0;0.0;0.0;0.0;0.0;0.0;0.0;424.192;13.699615962453956;0.0;0.042419200000000004;0.0013699615962453958;0.0;0.0;0.0;0.0;0.0;0.0
1711177800793;29400000;100.0;100.0;100.0;0.0;990.1232;16.69272287782811;0.0;0.09901232;0.0016692722877828111;0.0;0.0;0.0;0.0;0.0;0.0;0.0;161.592;13.595468414215024;0.0;0.016159200000000002;0.0013595468414215025;0.0;0.0;0.0;0.0;0.0;0.0
1711207200793;29400000;100.0;100.0;100.0;0.0;203.463892778556;15.838326915574239;0.0;0.0203463892778556;0.001583832691557424;0.0;0.0;0.0;0.0;0.0;0.0;0.0;353.605921184237;13.599905854229588;0.0;0.0353605921184237;0.001359990585422959;0.0;0.0;0.0;0.0;0.0;0.0
1711234800793;27600000;100.0;100.0;100.0;0.0;175.412293853073;15.599259344646315;0.0;0.017541229385307302;0.0015599259344646315;0.0;0.0;0.0;0.0;0.0;0.0;0.0;50.522565796057;13.28616098409693;0.0;0.0050522565796057;0.001328616098409693;0.0;0.0;0.0;0.0;0.0;0.0
1711264200793;29400000;100.0;100.0;100.0;0.0;1310.24550179928;16.55212330269655;0.0;0.131024550179928;0.001655212330269655;0.0;0.0;0.0;0.0;0.0;0.0;0.0;144.999600159936;13.42089802207936;0.0;0.0144999600159936;0.001342089802207936;0.0;0.0;0.0;0.0;0.0;0.0
1711293600793;29400000;100.0;100.0;100.0;0.0;211.168950685206;15.697604524941976;0.0;0.021116895068520602;0.0015697604524941976;0.0;0.0;0.0;0.0;0.0;0.0;0.0;40.329962959255;13.340079175833113;0.0;0.0040329962959255;0.0013340079175833113;0.0;0.0;0.0;0.0;0.0;0.0
1711321200793;27600000;100.0;100.0;100.0;0.0;945.310179640719;16.243427056921988;0.0;0.0945310179640719;0.0016243427056921989;0.0;0.0;0.0;0.0;0.0;0.0;0.0;145.717365269461;13.393360342056416;0.0;0.014571736526946101;0.0013393360342056418;0.0;0.0;0.0;0.0;0.0;0.0
1711350600793;29400000;100.0;100.0;100.0;0.0;662.709729027097;15.784928652575081;0.0;0.0662709729027097;0.0015784928652575081;0.0;0.0;0.0;0.0;0.0;0.0;0.0;92.344365563444;13.290823782792177;0.0;0.0092344365563444;0.0013290823782792177;0.0;0.0;0.0;0.0;0.0;0.0
1711380000793;29400000;100.0;100.0;100.0;0.0;38162.7725545109;31.73982829508339;0.0;3.81627725545109;0.0031739828295083393;0.0;0.0;0.0;0.0;0.0;0.0;0.0;10121.207199999999;22.06818052409872;0.0;1.01212072;0.002206818052409872;0.0;0.0;0.0;0.0;0.0;0.0
1711407600793;27600000;100.0;100.0;100.0;0.0;6984.976604679064;19.269084965517845;0.0;0.6984976604679064;0.0019269084965517845;0.0;0.0;0.0;0.0;0.0;0.0;0.0;89.325334933013;13.471941903846918;0.0;0.0089325334933013;0.0013471941903846919;0.0;0.0;0.0;0.0;0.0;0.0
1711437000793;29400000;100.0;100.0;100.0;0.0;1665.4352;16.82490063872185;0.0;0.16654352;0.0016824900638721851;0.0;0.0;0.0;0.0;0.0;0.0;0.0;151.9192;13.482917988427618;0.0;0.01519192;0.0013482917988427618;0.0;0.0;0.0;0.0;0.0;0.0
1711466400793;29400000;100.0;100.0;100.0;0.0;311.150024987506;16.3530558774385;0.0;0.031115002498750603;0.00163530558774385;0.0;0.0;0.0;0.0;0.0;0.0;0.0;45.130295763389;13.43949435729453;0.0;0.0045130295763389;0.001343949435729453;0.0;0.0;0.0;0.0;0.0;0.0
1711494000793;27600000;100.0;100.0;100.0;0.0;51659.40937718684;51.801521414287414;0.0;5.165940937718685;0.0051801521414287415;0.0;0.0;0.0;0.0;0.0;0.0;0.0;570.428871338598;13.752689341538309;0.0;0.057042887133859806;0.001375268934153831;0.0;0.0;0.0;0.0;0.0;0.0
1711523400793;29400000;100.0;100.0;100.0;0.0;1156.852917665867;17.661499263359097;0.0;0.11568529176658669;0.0017661499263359097;0.0;0.0;0.0;0.0;0.0;0.0;0.0;167.197519751975;13.643407430588189;0.0;0.0167197519751975;0.001364340743058819;0.0;0.0;0.0;0.0;0.0;0.0
1711552800793;29400000;100.0;100.0;100.0;0.0;914.630673865227;21.525148003861485;0.0;0.0914630673865227;0.0021525148003861488;0.0;0.0;0.0;0.0;0.0;0.0;0.0;209.6104;19.34402150937749;0.0;0.02096104;0.0019344021509377493;0.0;0.0;0.0;0.0;0.0;0.0
1711580400793;27600000;100.0;100.0;100.0;0.0;6129.924181963288;23.42710551017716;0.0;0.6129924181963289;0.0023427105510177163;0.0;0.0;0.0;0.0;0.0;0.0;0.0;72.64724660814;19.56922787305384;0.0;0.007264724660814;0.0019569227873053843;0.0;0.0;0.0;0.0;0.0;0.0
1711609800793;29400000;100.0;100.0;100.0;0.0;2275.094709470947;22.006840421902538;0.0;0.2275094709470947;0.002200684042190254;0.0;0.0;0.0;0.0;0.0;0.0;0.0;96.26874625075;19.655207773330474;0.0;0.009626874625075001;0.0019655207773330474;0.0;0.0;0.0;0.0;0.0;0.0
1711639200793;29400000;100.0;100.0;100.0;0.0;16202.728564282143;28.325449540573835;0.0;1.6202728564282143;0.0028325449540573837;0.0;0.0;0.0;0.0;0.0;0.0;0.0;445.006503251626;15.841799675861314;0.0;0.0445006503251626;0.0015841799675861315;0.0;0.0;0.0;0.0;0.0;0.0
1711666800793;27600000;100.0;100.0;100.0;0.0;44566.9488;74.67229154223106;0.0;4.45669488;0.007467229154223107;0.0;0.0;0.0;0.0;3.568892045455;0.0018864595139095964;0.0;512.522990803679;14.447166639853187;0.0;0.05125229908036791;0.0014447166639853187;0.0;0.0;0.0;0.0;0.0;0.0
1711696200793;29400000;100.0;100.0;100.0;0.0;48329.4122824565;53.21623544795209;0.0;4.83294122824565;0.005321623544795209;0.0;0.0;0.0;0.0;0.0;0.0;0.0;687.691138227646;14.302404010448882;0.0;0.0687691138227646;0.0014302404010448882;0.0;0.0;0.0;0.0;0.0;0.0
1711725600793;29400000;100.0;100.0;100.0;0.0;7745.642564256426;19.853014374109545;0.0;0.7745642564256426;0.0019853014374109548;0.0;0.0;0.0;0.0;0.0;0.0;0.0;169.456654334567;13.891397501050964;0.0;0.0169456654334567;0.0013891397501050965;0.0;0.0;0.0;0.0;0.0;0.0
1711753200793;27600000;100.0;100.0;100.0;0.0;15098.479447944794;22.128939800411437;0.0;1.5098479447944795;0.002212893980041144;0.0;0.0;0.0;0.0;0.0;0.0;0.0;166.595059505951;13.85385649491247;0.0;0.0166595059505951;0.001385385649491247;0.0;0.0;0.0;0.0;0.0;0.0
1711782600793;29400000;100.0;100.0;100.0;0.0;941.534893021396;17.194933501830715;0.0;0.0941534893021396;0.0017194933501830714;0.0;0.0;0.0;0.0;0.0;0.0;0.0;118.815436912617;13.758589631123408;0.0;0.0118815436912617;0.001375858963112341;0.0;0.0;0.0;0.0;0.0;0.0
1711812000793;29400000;100.0;100.0;100.0;0.0;938.862627474505;17.120081919010662;0.0;0.0938862627474505;0.0017120081919010663;0.0;0.0;0.0;0.0;0.0;0.0;0.0;533.218643728746;14.025764356851123;0.0;0.0533218643728746;0.0014025764356851123;0.0;0.0;0.0;0.0;0.0;0.0
1711839600793;27600000;100.0;100.0;100.0;0.0;287.628874225155;16.595831186824388;0.0;0.028762887422515503;0.0016595831186824387;0.0;0.0;0.0;0.0;0.0;0.0;0.0;53.055283414976;13.71393239340321;0.0;0.0053055283414976005;0.001371393239340321;0.0;0.0;0.0;0.0;0.0;0.0
1711869000793;29400000;100.0;100.0;100.0;0.0;1039.422342234223;14.816499726401725;0.0;0.1039422342234223;0.0014816499726401726;0.0;0.0;0.0;0.0;0.0;0.0;0.0;167.7136;13.280414167890175;0.0;0.016771360000000003;0.0013280414167890177;0.0;0.0;0.0;0.0;0.0;0.0
1711898400793;29400000;100.0;100.0;100.0;0.0;103.359871974395;11.520274534266473;0.0;0.010335987197439502;0.0011520274534266475;0.0;0.0;0.0;0.0;0.0;0.0;0.0;113.309861972394;12.523083877959973;0.0;0.011330986197239401;0.0012523083877959973;0.0;0.0;0.0;0.0;0.0;0.0
1711922400793;24000000;100.0;100.0;100.0;0.0;780.182436487297;12.222395586098097;0.0;0.0780182436487297;0.0012222395586098098;0.0;0.0;0.0;0.0;0.0;0.0;0.0;179.357471494299;12.536327653601308;0.0;0.0179357471494299;0.001253632765360131;0.0;0.0;0.0;0.0;0.0;0.0
1711951800793;29400000;100.0;100.0;100.0;0.0;8201.6488;16.674579404151554;0.0;0.8201648800000001;0.0016674579404151555;0.0;0.0;0.0;0.0;0.0;0.0;0.0;119.312;12.476571709699781;0.0;0.011931200000000001;0.0012476571709699783;0.0;0.0;0.0;0.0;0.0;0.0
1711981200793;29400000;100.0;100.0;100.0;0.0;92.540908181636;11.486618902279147;0.0;0.0092540908181636;0.0011486618902279149;0.0;0.0;0.0;0.0;0.0;0.0;0.0;66.709845077461;12.454833359345747;0.0;0.0066709845077461;0.0012454833359345748;0.0;0.0;0.0;0.0;0.0;0.0
1712008800793;27600000;100.0;100.0;100.0;0.0;1315.691630836916;12.11501071414103;0.0;0.1315691630836916;0.0012115010714141032;0.0;0.0;0.0;0.0;0.0;0.0;0.0;167.123287671233;12.51434769102083;0.0;0.0167123287671233;0.001251434769102083;0.0;0.0;0.0;0.0;0.0;0.0
1712038200793;29400000;100.0;100.0;100.0;0.0;749.610877824435;11.627329533604213;0.0;0.0749610877824435;0.0011627329533604213;0.0;0.0;0.0;0.0;0.0;0.0;0.0;76.410317936413;12.441966904480855;0.0;0.0076410317936413;0.0012441966904480856;0.0;0.0;0.0;0.0;0.0;0.0
1712067600793;29400000;100.0;100.0;100.0;0.0;89.732866433217;11.478958835263606;0.0;0.0089732866433217;0.0011478958835263607;0.0;0.0;0.0;0.0;0.0;0.0;0.0;40.168;12.429569999851866;0.0;0.0040168;0.0012429569999851866;0.0;0.0;0.0;0.0;0.0;0.0
1712095200793;27600000;100.0;100.0;100.0;0.0;1171.389477895579;12.686360587841477;0.0;0.1171389477895579;0.0012686360587841478;0.0;0.0;0.0;0.0;0.0;0.0;0.0;136.546360917248;12.474972246770436;0.0;0.013654636091724801;0.0012474972246770437;0.0;0.0;0.0;0.0;0.0;0.0
1712124600793;29400000;100.0;100.0;100.0;0.0;630.431859115469;11.628151753769211;0.0;0.06304318591154691;0.001162815175376921;0.0;0.0;0.0;0.0;0.0;0.0;0.0;63.008204922954;12.402437996557207;0.0;0.0063008204922954;0.0012402437996557208;0.0;0.0;0.0;0.0;0.0;0.0
1712154000793;29400000;100.0;100.0;100.0;0.0;88.935293529353;11.451696904309005;0.0;0.008893529352935301;0.0011451696904309005;0.0;0.0;0.0;0.0;0.0;0.0;0.0;41.3136;12.417373772087846;0.0;0.004131360000000001;0.0012417373772087845;0.0;0.0;0.0;0.0;0.0;0.0
1712181600793;27600000;100.0;100.0;100.0;0.0;10420.201979802021;18.89523506942773;0.0;1.0420201979802022;0.001889523506942773;0.0;0.0;0.0;0.0;0.093196644921;3.3465764825467016E-5;0.0;246.239376062394;12.572004792366423;0.0;0.0246239376062394;0.0012572004792366423;0.0;0.0;0.0;0.0;0.0;0.0
1712211000793;29400000;100.0;100.0;100.0;0.0;1914.225954809038;12.829053449027974;0.0;0.19142259548090382;0.0012829053449027975;0.0;0.0;0.0;0.0;0.0;0.0;0.0;124.917416516697;12.446126777177442;0.0;0.012491741651669701;0.0012446126777177443;0.0;0.0;0.0;0.0;0.0;0.0
1712240400793;29400000;100.0;100.0;100.0;0.0;89.0792;11.263746621857218;0.0;0.00890792;0.0011263746621857217;0.0;0.0;0.0;0.0;0.0;0.0;0.0;41.089491050895;12.329194041797892;0.0;0.0041089491050895;0.0012329194041797893;0.0;0.0;0.0;0.0;0.0;0.0
1712268000793;27600000;100.0;100.0;100.0;0.0;1017.695369536954;11.77084702598711;0.0;0.10176953695369541;0.0011770847025987109;0.0;0.0;0.0;0.0;0.0;0.0;0.0;201.520152015202;12.363783467410766;0.0;0.020152015201520202;0.0012363783467410766;0.0;0.0;0.0;0.0;0.0;0.0
1712297400793;29400000;100.0;100.0;100.0;0.0;39443.71088673398;33.43231285111601;0.0;3.944371088673398;0.003343231285111601;0.0;0.0;0.0;0.0;0.0;0.0;0.0;455.723283015095;12.713570845448553;0.0;0.0455723283015095;0.0012713570845448554;0.0;0.0;0.0;0.0;0.0;0.0
1712326800793;29400000;100.0;100.0;100.0;0.0;1232.345565443456;13.144571607305295;0.0;0.1232345565443456;0.0013144571607305296;0.0;0.0;0.0;0.0;0.0;0.0;0.0;36677.42185781422;37.402623086457695;0.0;3.667742185781422;0.00374026230864577;0.0;0.0;0.0;0.0;0.0;0.0
1712354400793;27600000;100.0;100.0;100.0;0.0;108.936;11.079654865733607;0.0;0.010893600000000002;0.0011079654865733608;0.0;0.0;0.0;0.0;0.0;0.0;0.0;58.1904;12.308915049860142;0.0;0.00581904;0.0012308915049860142;0.0;0.0;0.0;0.0;0.0;0.0
1712383800793;29400000;100.0;100.0;100.0;0.0;18451.1304;20.470456396467515;0.0;1.84511304;0.0020470456396467517;0.0;0.0;0.0;0.0;0.0;0.0;0.0;362.2856;12.634845588233773;0.0;0.03622856;0.0012634845588233774;0.0;0.0;0.0;0.0;0.0;0.0
1712413200793;29400000;100.0;100.0;100.0;0.0;9771.382738273827;15.637597159466834;0.0;0.9771382738273827;0.0015637597159466835;0.0;0.0;0.0;0.0;0.0;0.0;0.0;160.610277944411;12.461053827427724;0.0;0.016061027794441102;0.0012461053827427725;0.0;0.0;0.0;0.0;0.0;0.0
1712440800793;27600000;100.0;100.0;100.0;0.0;89.163316331633;10.99740327648793;0.0;0.0089163316331633;0.001099740327648793;0.0;0.0;0.0;0.0;0.0;0.0;0.0;49.64896489649;12.238526849171336;0.0;0.004964896489649;0.0012238526849171337;0.0;0.0;0.0;0.0;0.0;0.0
1712470200793;29400000;100.0;100.0;100.0;0.0;1654.706270627063;11.67861997451535;0.0;0.16547062706270632;0.001167861997451535;0.0;0.0;0.0;0.0;0.0;0.0;0.0;123.927592759276;12.32834330247591;0.0;0.0123927592759276;0.001232834330247591;0.0;0.0;0.0;0.0;0.0;0.0
1712499600793;29400000;100.0;100.0;100.0;0.0;1394.9536;11.900111228156536;0.0;0.13949536;0.0011900111228156536;0.0;0.0;0.0;0.0;0.0;0.0;0.0;386.5712;12.551633300805467;0.0;0.038657119999999996;0.0012551633300805468;0.0;0.0;0.0;0.0;0.0;0.0
1712527200793;27600000;100.0;100.0;100.0;0.0;133.675767576758;10.971976385158882;0.0;0.013367576757675801;0.0010971976385158882;0.0;0.0;0.0;0.0;0.0;0.0;0.0;67.719571957196;12.214486012043775;0.0;0.0067719571957196;0.0012214486012043775;0.0;0.0;0.0;0.0;0.0;0.0
1712556600793;29400000;100.0;100.0;100.0;0.0;1052.605260526053;11.498123231751125;0.0;0.1052605260526053;0.0011498123231751126;0.0;0.0;0.0;0.0;0.0;0.0;0.0;86.6928;12.313323057514857;0.0;0.008669280000000001;0.0012313323057514859;0.0;0.0;0.0;0.0;0.0;0.0
1712586000793;29400000;100.0;100.0;100.0;0.0;1442.560063961623;11.86028951212422;0.0;0.14425600639616232;0.001186028951212422;0.0;0.0;0.0;0.0;0.0;0.0;0.0;150.779633890167;12.38962648523506;0.0;0.0150779633890167;0.001238962648523506;0.0;0.0;0.0;0.0;0.0;0.0
1712613600793;27600000;100.0;100.0;100.0;0.0;17397.57175717572;17.974276632156883;0.0;1.739757175717572;0.0017974276632156884;0.0;0.0;0.0;0.0;0.0;0.0;0.0;269.257325732573;12.363064056932995;0.0;0.026925732573257304;0.0012363064056932994;0.0;0.0;0.0;0.0;0.0;0.0
1712643000793;29400000;100.0;100.0;100.0;0.0;1816.230669460241;12.059296906463775;0.0;0.1816230669460241;0.0012059296906463777;0.0;0.0;0.0;0.0;0.0;0.0;0.0;167.280656131226;12.38973713953741;0.0;0.0167280656131226;0.001238973713953741;0.0;0.0;0.0;0.0;0.0;0.0
1712672400793;29400000;100.0;100.0;100.0;0.0;7713.251450290058;13.791536362609753;0.0;0.7713251450290058;0.0013791536362609753;0.0;0.0;0.0;0.0;0.0;0.0;0.0;78.066013202641;12.31101538400099;0.0;0.007806601320264101;0.001231101538400099;0.0;0.0;0.0;0.0;0.0;0.0
1712700000793;27600000;100.0;100.0;100.0;0.0;132.0856;11.013714668494128;0.0;0.013208560000000001;0.001101371466849413;0.0;0.0;0.0;0.0;0.0;0.0;0.0;67.3032;12.245061282727171;0.0;0.006730320000000001;0.001224506128272717;0.0;0.0;0.0;0.0;0.0;0.0
1712729400793;29400000;100.0;100.0;100.0;0.0;108733.05317872851;58.01721889620436;0.0;10.873305317872852;0.0058017218896204365;0.0;0.0;0.0;0.0;0.997207818109;3.407126711872417E-4;0.0;98142.9288;52.01225033537545;0.0;9.81429288;0.005201225033537545;0.0;0.0;0.0;0.0;0.0;0.0
1712758800793;29400000;100.0;100.0;100.0;0.0;246.968490547164;11.721426617718047;0.0;0.0246968490547164;0.0011721426617718048;0.0;0.0;0.0;0.0;0.0;0.0;0.0;23582.769230769234;59.88257614527449;0.0;2.3582769230769234;0.005988257614527449;0.0;0.0;0.0;0.0;0.0;0.0
1712786400793;27600000;100.0;100.0;100.0;0.0;88.7336;11.11214299659149;0.0;0.00887336;0.0011112142996591492;0.0;0.0;0.0;0.0;0.0;0.0;0.0;50.678667866787;12.283713851091052;0.0;0.0050678667866787;0.0012283713851091052;0.0;0.0;0.0;0.0;0.0;0.0
1712815800793;29400000;100.0;100.0;100.0;0.0;5556.6832;14.294266517772021;0.0;0.5556683200000001;0.0014294266517772022;0.0;0.0;0.0;0.0;0.0;0.0;0.0;152.418358164184;12.43935345747126;0.0;0.015241835816418402;0.001243935345747126;0.0;0.0;0.0;0.0;0.0;0.0
1712845200793;29400000;100.0;100.0;100.0;0.0;88.823917608239;11.728481181344957;0.0;0.0088823917608239;0.0011728481181344959;0.0;0.0;0.0;0.0;0.0;0.0;0.0;42.424630147941;12.484576359327612;0.0;0.0042424630147941;0.0012484576359327612;0.0;0.0;0.0;0.0;0.0;0.0
1712872800793;27600000;100.0;100.0;100.0;0.0;1706.443267019894;12.582304709984225;0.0;0.1706443267019894;0.0012582304709984225;0.0;0.0;0.0;0.0;0.0;0.0;0.0;68.898710128987;12.429322523896609;0.0;0.006889871012898701;0.001242932252389661;0.0;0.0;0.0;0.0;0.0;0.0
1712902200793;29400000;100.0;100.0;100.0;0.0;3122.310631063106;15.278271841892128;0.0;0.3122310631063106;0.0015278271841892128;0.0;0.0;0.0;0.0;0.0;0.0;0.0;159.889588958896;12.699017837258584;0.0;0.015988958895889603;0.0012699017837258584;0.0;0.0;0.0;0.0;0.0;0.0
1712931600793;29400000;100.0;100.0;100.0;0.0;193352.2128;109.2312179815811;0.0;19.335221280000003;0.01092312179815811;0.0;0.0;0.0;0.0;2.054284130268;0.0012820332155675047;0.0;6168.000803939302;15.441678785334023;0.0;0.6168000803939303;0.0015441678785334024;0.0;0.0;0.0;0.0;0.0;0.0
1712959200793;27600000;100.0;100.0;100.0;0.0;91.453254674533;12.27650561670672;0.0;0.009145325467453301;0.001227650561670672;0.0;0.0;0.0;0.0;0.0;0.0;0.0;7996.19798020198;17.609678703755627;0.0;0.799619798020198;0.0017609678703755629;0.0;0.0;0.0;0.0;0.0;0.0
1712988600793;29400000;100.0;100.0;100.0;0.0;15081.122512251224;18.872430091195223;0.0;1.5081122512251224;0.0018872430091195224;0.0;0.0;0.0;0.0;0.0;0.0;0.0;242.676267626763;12.671083910357622;0.0;0.0242676267626763;0.0012671083910357622;0.0;0.0;0.0;0.0;0.0;0.0
1713018000793;29400000;100.0;100.0;100.0;0.0;249.520608243297;12.439419634159824;0.0;0.024952060824329703;0.0012439419634159826;0.0;0.0;0.0;0.0;0.0;0.0;0.0;131.135654261705;12.47408210759685;0.0;0.013113565426170502;0.001247408210759685;0.0;0.0;0.0;0.0;0.0;0.0
1713045600793;27600000;100.0;100.0;100.0;0.0;9413.6816;16.889759409496172;0.0;0.94136816;0.0016889759409496172;0.0;0.0;0.0;0.0;0.0;0.0;0.0;577.344403320996;12.704514864982073;0.0;0.0577344403320996;0.0012704514864982073;0.0;0.0;0.0;0.0;0.0;0.0
1713075000793;29400000;100.0;100.0;100.0;0.0;3384.3128;14.360056599370944;0.0;0.33843128000000006;0.0014360056599370945;0.0;0.0;0.0;0.0;0.0;0.0;0.0;161.3608;12.499107151073877;0.0;0.01613608;0.0012499107151073877;0.0;0.0;0.0;0.0;0.0;0.0
1713104400793;29400000;100.0;100.0;100.0;0.0;92.036;12.961214925318036;0.0;0.009203600000000001;0.0012961214925318037;0.0;0.892857142857;3.0517654858494873E-4;0.0;0.892857142857;3.0517654858494873E-4;0.0;44.46875;12.415921114717907;0.0;0.004446875;0.0012415921114717907;0.0;0.0;0.0;0.0;0.0;0.0
1713132000793;27600000;100.0;100.0;100.0;0.0;1328.073504444222;13.372576656897218;0.0;0.1328073504444222;0.0013372576656897218;0.0;0.0;0.0;0.0;0.0;0.0;0.0;173.180465394987;12.445419549321294;0.0;0.017318046539498703;0.0012445419549321295;0.0;0.0;0.0;0.0;0.0;0.0
1713161400793;29400000;100.0;100.0;100.0;0.0;940.6176;13.20257038615927;0.0;0.09406176000000001;0.001320257038615927;0.0;0.0;0.0;0.0;0.0;0.0;0.0;95.3568;12.418077777078576;0.0;0.009535680000000001;0.0012418077777078577;0.0;0.0;0.0;0.0;0.0;0.0
1713190800793;29400000;100.0;100.0;100.0;0.0;10540.3304;15.99156652005811;0.0;1.0540330400000002;0.001599156652005811;0.0;0.0;0.0;0.0;0.0;0.0;0.0;135.1136;12.434160475659958;0.0;0.01351136;0.0012434160475659959;0.0;0.0;0.0;0.0;0.0;0.0
1713218400793;27600000;100.0;100.0;100.0;0.0;1050.75175035007;12.569368596186228;0.0;0.10507517503500702;0.001256936859618623;0.0;0.0;0.0;0.0;0.0;0.0;0.0;166.419683936787;12.345562544449605;0.0;0.0166419683936787;0.0012345562544449605;0.0;0.0;0.0;0.0;0.0;0.0
1713247800793;29400000;100.0;100.0;100.0;0.0;56252.848315168485;33.00420825820633;0.0;5.625284831516849;0.0033004208258206333;0.0;0.0;0.0;0.0;0.0;0.0;0.0;520.764723527647;12.543370460164228;0.0;0.052076472352764705;0.0012543370460164228;0.0;0.0;0.0;0.0;0.0;0.0
1713277200793;29400000;100.0;100.0;100.0;0.0;19119.643926454337;29.17018296577862;0.0;1.9119643926454337;0.002917018296577862;0.0;0.0;0.0;0.0;0.292568753657;9.945139701501087E-5;0.0;503.512910680197;16.91427495955654;0.0;0.05035129106801971;0.001691427495955654;0.0;0.0;0.0;0.0;0.0;0.0
1713304800793;27600000;100.0;100.0;100.0;0.0;519.196880311969;16.451760250944137;0.0;0.051919688031196905;0.0016451760250944137;0.0;0.0;0.0;0.0;0.0;0.0;0.0;128.213578642136;18.46025518376504;0.0;0.012821357864213602;0.0018460255183765039;0.0;0.0;0.0;0.0;0.0;0.0
1713334200793;29400000;100.0;100.0;100.0;0.0;1935.574272281684;17.02611611327842;0.0;0.1935574272281684;0.001702611611327842;0.0;0.0;0.0;0.0;0.0;0.0;0.0;146.883488348835;18.395912072626132;0.0;0.0146883488348835;0.0018395912072626133;0.0;0.0;0.0;0.0;0.0;0.0
1713363600793;29400000;100.0;100.0;100.0;0.0;529.2648;14.999549881833229;0.0;0.052926480000000005;0.0014999549881833229;0.0;0.0;0.0;0.0;0.0;0.0;0.0;53.462438731619;16.00107796882549;0.0;0.0053462438731619;0.0016001077968825492;0.0;0.0;0.0;0.0;0.0;0.0
1713391200793;27600000;100.0;100.0;100.0;0.0;1043.408340834083;12.468445377639862;0.0;0.1043408340834083;0.0012468445377639863;0.0;0.0;0.0;0.0;0.0;0.0;0.0;154.973897389739;12.524221949100697;0.0;0.0154973897389739;0.0012524221949100699;0.0;0.0;0.0;0.0;0.0;0.0
1713420600793;29400000;100.0;100.0;100.0;0.0;614.035803580358;12.334396192376891;0.0;0.0614035803580358;0.0012334396192376891;0.0;0.0;0.0;0.0;0.0;0.0;0.0;121.4664;12.525375580227365;0.0;0.01214664;0.0012525375580227365;0.0;0.0;0.0;0.0;0.0;0.0
1713450000793;29400000;100.0;100.0;100.0;0.0;1802.056;12.983466558390406;0.0;0.18020560000000002;0.0012983466558390405;0.0;0.0;0.0;0.0;0.0;0.0;0.0;50.9752;12.489334928462332;0.0;0.00509752;0.0012489334928462333;0.0;0.0;0.0;0.0;0.0;0.0
1713477600793;27600000;100.0;100.0;100.0;0.0;4176.1399860014;13.532028393514485;0.0;0.41761399860014;0.0013532028393514486;0.0;0.0;0.0;0.0;0.0;0.0;0.0;245.8592;12.51951269410459;0.0;0.02458592;0.001251951269410459;0.0;0.0;0.0;0.0;0.0;0.0
1713507000793;29400000;100.0;100.0;100.0;0.0;63950.781356271254;38.773209153754486;0.0;6.395078135627125;0.0038773209153754487;0.0;0.0;0.0;0.0;4.841981172963;0.0016533513581722702;0.0;936.543308661732;13.080028235966047;0.0;0.09365433086617321;0.0013080028235966047;0.0;0.0;0.0;0.0;0.0;0.0
1713536400793;29400000;100.0;100.0;100.0;0.0;12963.11515757879;19.154885996526275;0.0;1.296311515757879;0.0019154885996526276;0.0;0.0;0.0;0.0;0.359859327717;1.2284132447170135E-4;0.0;919.301250625313;15.809548261278147;0.0;0.0919301250625313;0.0015809548261278147;0.0;0.0;0.0;0.0;0.0;0.0
1713564000793;27600000;100.0;100.0;100.0;0.0;70291.90597179154;45.26811482282302;0.0;7.029190597179154;0.004526811482282302;0.0;0.0;0.0;0.0;0.0;0.0;0.0;670.018605581674;12.949163157942165;0.0;0.06700186055816741;0.0012949163157942164;0.0;0.0;0.0;0.0;0.0;0.0
1713593400793;29400000;100.0;100.0;100.0;0.0;33567.5912;23.958212529998406;0.0;3.3567591200000004;0.0023958212529998405;0.0;0.0;0.0;0.0;0.0;0.0;0.0;373.5152;12.825671942947679;0.0;0.03735152;0.0012825671942947679;0.0;0.0;0.0;0.0;0.0;0.0
1713622800793;29400000;100.0;100.0;100.0;0.0;3387.149183448552;14.594613091051592;0.0;0.3387149183448552;0.0014594613091051592;0.0;0.0;0.0;0.0;0.0;0.0;0.0;165.472758172548;12.841030672957082;0.0;0.016547275817254802;0.0012841030672957083;0.0;0.0;0.0;0.0;0.0;0.0
1713650400793;27600000;100.0;100.0;100.0;0.0;127.875187518752;11.645526198387138;0.0;0.0127875187518752;0.001164552619838714;0.0;0.0;0.0;0.0;0.0;0.0;0.0;48.1448;12.483024062540908;0.0;0.0048144799999999995;0.0012483024062540909;0.0;0.0;0.0;0.0;0.0;0.0
1713679800793;29400000;100.0;100.0;100.0;0.0;2005.74674934987;12.556668402147315;0.0;0.200574674934987;0.0012556668402147315;0.0;0.0;0.0;0.0;0.0;0.0;0.0;583.2712;12.748839442270167;0.0;0.05832712;0.0012748839442270168;0.0;0.0;0.0;0.0;0.0;0.0
1713709200793;29400000;100.0;100.0;100.0;0.0;31968.220822082207;32.145903756954134;0.0;3.1968220822082207;0.0032145903756954134;0.0;0.0;0.0;0.0;0.0;0.0;0.0;449.82898289829;12.957726338227683;0.0;0.044982898289829;0.0012957726338227683;0.0;0.0;0.0;0.0;0.0;0.0
1713736800793;27600000;100.0;100.0;100.0;0.0;107.823582358236;11.462710714807375;0.0;0.0107823582358236;0.0011462710714807377;0.0;0.0;0.0;0.0;0.0;0.0;0.0;74.4688;12.499493437146782;0.0;0.00744688;0.0012499493437146782;0.0;0.0;0.0;0.0;0.0;0.0
1713766200793;29400000;100.0;100.0;100.0;0.0;913.707370737074;12.151201122266269;0.0;0.09137073707370741;0.001215120112226627;0.0;0.0;0.0;0.0;0.0;0.0;0.0;83.5499549955;12.564158056338803;0.0;0.00835499549955;0.0012564158056338804;0.0;0.0;0.0;0.0;0.0;0.0
1713795600793;29400000;100.0;100.0;100.0;0.0;1504.279172082792;12.626254484952183;0.0;0.1504279172082792;0.0012626254484952183;0.0;0.0;0.0;0.0;0.0;0.0;0.0;191.019901990199;12.617004226188799;0.0;0.0191019901990199;0.00126170042261888;0.0;0.0;0.0;0.0;0.0;0.0
1713823200793;27600000;100.0;100.0;100.0;0.0;3385.862213778622;12.82593361337224;0.0;0.3385862213778622;0.001282593361337224;0.0;0.0;0.0;0.0;0.0;0.0;0.0;51.667633236676;12.46528398208602;0.0;0.0051667633236676;0.0012465283982086022;0.0;0.0;0.0;0.0;0.0;0.0
1713852600793;29400000;100.0;100.0;100.0;0.0;1775.416683336667;13.394362697865537;0.0;0.1775416683336667;0.0013394362697865538;0.0;0.0;0.0;0.0;0.0;0.0;0.0;115.6656;12.501528783757355;0.0;0.01156656;0.0012501528783757355;0.0;0.0;0.0;0.0;0.0;0.0
1713882000793;29400000;100.0;100.0;100.0;0.0;289.126839523476;12.0366736771979;0.0;0.0289126839523476;0.00120366736771979;0.0;0.0;0.0;0.0;0.0;0.0;0.0;85.7016;12.545008888533582;0.0;0.00857016;0.0012545008888533583;0.0;0.0;0.0;0.0;0.0;0.0
1713909600793;27600000;100.0;100.0;100.0;0.0;185.380523895221;11.536405023500008;0.0;0.0185380523895221;0.0011536405023500008;0.0;0.0;0.0;0.0;0.0;0.0;0.0;70.795320467953;12.43591974898765;0.0;0.007079532046795301;0.001243591974898765;0.0;0.0;0.0;0.0;0.0;0.0
1713939000793;29400000;100.0;100.0;100.0;0.0;7440.103958416634;16.15675695791443;0.0;0.7440103958416634;0.001615675695791443;0.0;0.0;0.0;0.0;0.0;0.0;0.0;117.563618190905;12.568686329771063;0.0;0.0117563618190905;0.0012568686329771065;0.0;0.0;0.0;0.0;0.0;0.0
1713968400793;29400000;100.0;100.0;100.0;0.0;268.809119088091;11.967604267189264;0.0;0.0268809119088091;0.0011967604267189265;0.0;0.0;0.0;0.0;0.0;0.0;0.0;64.3568;12.505915889377917;0.0;0.006435680000000001;0.0012505915889377917;0.0;0.0;0.0;0.0;0.0;0.0
1713996000793;27600000;100.0;100.0;100.0;0.0;288.69122947537;11.626167597771083;0.0;0.028869122947537;0.0011626167597771084;0.0;0.0;0.0;0.0;0.0;0.0;0.0;49.605121024205;12.392589700048777;0.0;0.0049605121024205;0.0012392589700048779;0.0;0.0;0.0;0.0;0.0;0.0
1714025400793;29400000;100.0;100.0;100.0;0.0;2216.271945610878;13.238681055467522;0.0;0.22162719456108781;0.0013238681055467523;0.0;0.0;0.0;0.0;0.0;0.0;0.0;120.415116976605;12.377737083569782;0.0;0.012041511697660502;0.0012377737083569783;0.0;0.0;0.0;0.0;0.0;0.0
1714054800793;29400000;100.0;100.0;100.0;0.0;56171.37852429514;32.31638879008597;0.0;5.617137852429514;0.0032316388790085975;0.0;0.0;0.0;0.0;0.0;0.0;0.0;714.335532893421;12.621044536864764;0.0;0.0714335532893421;0.0012621044536864764;0.0;0.0;0.0;0.0;0.0;0.0
1714082400793;27600000;100.0;100.0;100.0;0.0;61977.234217108555;58.25265012093149;0.0;6.197723421710855;0.005825265012093149;0.0;0.0;0.0;0.0;2.669986263736;0.0016957534290813361;0.0;612.904052026013;12.803648179326272;0.0;0.0612904052026013;0.0012803648179326272;0.0;0.0;0.0;0.0;0.0;0.0
1714111800793;29400000;100.0;100.0;100.0;0.0;3161.320264052811;15.079488016816573;0.0;0.31613202640528115;0.0015079488016816573;0.0;0.0;0.0;0.0;0.0;0.0;0.0;169.63489046714;12.467509967116234;0.0;0.016963489046714;0.0012467509967116234;0.0;0.0;0.0;0.0;0.0;0.0
1714141200793;29400000;100.0;100.0;100.0;0.0;171.938793879388;11.578825227482108;0.0;0.017193879387938798;0.0011578825227482109;0.0;0.0;0.0;0.0;0.0;0.0;0.0;45.696569656966;12.325741364211165;0.0;0.0045696569656966;0.0012325741364211165;0.0;0.0;0.0;0.0;0.0;0.0
1714168800793;27600000;100.0;100.0;100.0;0.0;1551.425542554255;12.28162478740423;0.0;0.1551425542554255;0.001228162478740423;0.0;0.0;0.0;0.0;0.0;0.0;0.0;224.348869773955;12.356757621348493;0.0;0.0224348869773955;0.0012356757621348493;0.0;0.0;0.0;0.0;0.0;0.0
1714198200793;29400000;100.0;100.0;100.0;0.0;593.86898689869;11.792283049495579;0.0;0.059386898689869;0.0011792283049495578;0.0;0.0;0.0;0.0;0.0;0.0;0.0;50.897889788979;12.351833512762811;0.0;0.005089788978897901;0.0012351833512762812;0.0;0.0;0.0;0.0;0.0;0.0
1714227600793;29400000;100.0;100.0;100.0;0.0;15082.712528747124;16.818529371549353;0.0;1.5082712528747124;0.0016818529371549354;0.0;0.0;0.0;0.0;0.0;0.0;0.0;368.201579842016;12.57516352140044;0.0;0.0368201579842016;0.0012575163521400439;0.0;0.0;0.0;0.0;0.0;0.0
1714255200793;27600000;100.0;100.0;100.0;0.0;2156.226731980406;12.707263480481867;0.0;0.2156226731980406;0.0012707263480481869;0.0;0.0;0.0;0.0;0.0;0.0;0.0;207.160716071607;12.3716925017262;0.0;0.0207160716071607;0.00123716925017262;0.0;0.0;0.0;0.0;0.0;0.0
1714284600793;29400000;100.0;100.0;100.0;0.0;6655.394278855771;15.468622608424104;0.0;0.6655394278855771;0.0015468622608424104;0.0;0.0;0.0;0.0;0.0;0.0;0.0;98.136586341366;12.325726792974582;0.0;0.0098136586341366;0.0012325726792974583;0.0;0.0;0.0;0.0;0.0;0.0
1714314000793;29400000;100.0;100.0;100.0;0.0;111.593640635936;11.56421275947316;0.0;0.0111593640635936;0.001156421275947316;0.0;0.0;0.0;0.0;0.0;0.0;0.0;52.840484048405;12.299020918451777;0.0;0.005284048404840501;0.001229902091845178;0.0;0.0;0.0;0.0;0.0;0.0
1714341600793;27600000;100.0;100.0;100.0;0.0;1028.56148074037;12.286602123294395;0.0;0.102856148074037;0.0012286602123294395;0.0;0.0;0.0;0.0;0.0;0.0;0.0;225.425512756378;12.262101202396021;0.0;0.0225425512756378;0.0012262101202396023;0.0;0.0;0.0;0.0;0.0;0.0
1714371000793;29400000;100.0;100.0;100.0;0.0;661.554644535546;11.778012889828531;0.0;0.06615546445355461;0.001177801288982853;0.0;0.0;0.0;0.0;0.0;0.0;0.0;71.301669833017;12.21925616761046;0.0;0.007130166983301701;0.001221925616761046;0.0;0.0;0.0;0.0;0.0;0.0
1714400400793;29400000;100.0;100.0;100.0;0.0;33652.24202420242;23.01752568796143;0.0;3.3652242024202423;0.0023017525687961432;0.0;0.0;0.0;0.0;0.0;0.0;0.0;457.223322332233;12.428246348971639;0.0;0.045722332233223306;0.001242824634897164;0.0;0.0;0.0;0.0;0.0;0.0
1714428000793;27600000;100.0;100.0;100.0;0.0;3393.8248;14.02716926086535;0.0;0.33938248;0.001402716926086535;0.0;0.0;0.0;0.0;0.0;0.0;0.0;137.680927628948;12.283167361153847;0.0;0.013768092762894802;0.0012283167361153847;0.0;0.0;0.0;0.0;0.0;0.0
1714457400793;29400000;100.0;100.0;100.0;0.0;17693.308807357793;21.737648613023538;0.0;1.7693308807357793;0.002173764861302354;0.0;0.0;0.0;0.0;0.0;0.0;0.0;263.732080375887;12.366915425531719;0.0;0.0263732080375887;0.001236691542553172;0.0;0.0;0.0;0.0;0.0;0.0
1714486800793;29400000;100.0;100.0;100.0;0.0;4326.218665599679;12.985181791989419;0.0;0.4326218665599679;0.001298518179198942;0.0;0.0;0.0;0.0;0.0;0.0;0.0;135.068186362727;12.292393451566221;0.0;0.013506818636272701;0.0012292393451566223;0.0;0.0;0.0;0.0;0.0;0.0
1714514400793;27600000;100.0;100.0;100.0;0.0;171.9968;11.300872605479574;0.0;0.017199680000000002;0.0011300872605479574;0.0;0.0;0.0;0.0;0.0;0.0;0.0;50.1392;12.177143969210766;0.0;0.005013920000000001;0.0012177143969210767;0.0;0.0;0.0;0.0;0.0;0.0
1714543800793;29400000;100.0;100.0;100.0;0.0;1792.787921207879;12.791180837439615;0.0;0.1792787921207879;0.0012791180837439615;0.0;0.0;0.0;0.0;0.0;0.0;0.0;129.259874012599;12.240987761326036;0.0;0.0129259874012599;0.0012240987761326036;0.0;0.0;0.0;0.0;0.0;0.0
1714573200793;29400000;100.0;100.0;100.0;0.0;4327.276072392761;13.46500623134213;0.0;0.43272760723927617;0.001346500623134213;0.0;0.0;0.0;0.0;0.0;0.0;0.0;146.8688;12.359813140214545;0.0;0.01468688;0.0012359813140214546;0.0;0.0;0.0;0.0;0.0;0.0
1714600800793;27600000;100.0;100.0;100.0;0.0;395.302539492102;11.327043792023181;0.0;0.039530253949210205;0.0011327043792023182;0.0;0.0;0.0;0.0;0.0;0.0;0.0;169.636472705459;12.224717727204505;0.0;0.0169636472705459;0.0012224717727204505;0.0;0.0;0.0;0.0;0.0;0.0
1714630200793;29400000;100.0;100.0;100.0;0.0;87204.43831233753;44.77753287551168;0.0;8.720443831233753;0.004477753287551169;0.0;0.0;0.0;0.0;0.0;0.0;0.0;1436.331933613277;12.761978039639779;0.0;0.1436331933613277;0.0012761978039639778;0.0;0.0;0.0;0.0;0.0;0.0
1714659600793;29400000;100.0;100.0;100.0;0.0;1648.241890268322;12.258256426157748;0.0;0.1648241890268322;0.0012258256426157749;0.0;0.0;0.0;0.0;0.0;0.0;0.0;146.875450540649;12.31773310375881;0.0;0.014687545054064902;0.001231773310375881;0.0;0.0;0.0;0.0;0.0;0.0
1714687200793;27600000;100.0;100.0;100.0;0.0;28638.505301060213;31.70164238740112;0.0;2.8638505301060215;0.003170164238740112;0.0;0.0;0.0;0.0;0.0;0.0;0.0;378.377275455091;12.550387327234532;0.0;0.037837727545509105;0.0012550387327234533;0.0;0.0;0.0;0.0;0.0;0.0
1714716600793;29400000;100.0;100.0;100.0;0.0;4056.062412482496;14.538635145409396;0.0;0.4056062412482496;0.0014538635145409397;0.0;0.0;0.0;0.0;0.0;0.0;0.0;134.9096;12.268866507687786;0.0;0.013490960000000001;0.0012268866507687787;0.0;0.0;0.0;0.0;0.0;0.0
1714746000793;29400000;100.0;100.0;100.0;0.0;1458.380561943806;12.00555152240726;0.0;0.14583805619438062;0.001200555152240726;0.0;0.0;0.0;0.0;0.0;0.0;0.0;197.361327734453;12.266004708941624;0.0;0.0197361327734453;0.0012266004708941624;0.0;0.0;0.0;0.0;0.0;0.0
1714773600793;27600000;100.0;100.0;100.0;0.0;17367.977597759775;17.60067077736532;0.0;1.7367977597759776;0.001760067077736532;0.0;0.0;0.0;0.0;0.0;0.0;0.0;257.97699769977;12.338518424058963;0.0;0.025797699769977;0.0012338518424058963;0.0;0.0;0.0;0.0;0.0;0.0
1714803000793;29400000;100.0;100.0;100.0;0.0;934.308;12.074535132786037;0.0;0.09343080000000001;0.0012074535132786037;0.0;0.0;0.0;0.0;0.0;0.0;0.0;163.946794679468;12.36264811683419;0.0;0.0163946794679468;0.0012362648116834192;0.0;0.0;0.0;0.0;0.0;0.0
1714832400793;29400000;100.0;100.0;100.0;0.0;8339.6344;14.956207450967275;0.0;0.8339634400000001;0.0014956207450967276;0.0;0.0;0.0;0.0;0.0;0.0;0.0;115.1528;12.253105601166263;0.0;0.011515280000000001;0.0012253105601166263;0.0;0.0;0.0;0.0;0.0;0.0
1714860000793;27600000;100.0;100.0;100.0;0.0;93275.32739821947;44.971698211125;0.0;9.327532739821947;0.0044971698211125006;0.0;0.0;0.0;0.0;1.879249794515;6.748154048341185E-4;0.0;1500.318895668701;13.017458989288436;0.0;0.1500318895668701;0.0013017458989288437;0.0;0.0;0.0;0.0;0.0;0.0
1714889400793;29400000;100.0;100.0;100.0;0.0;1530.1216;12.016273599276218;0.0;0.15301216;0.0012016273599276218;0.0;0.0;0.0;0.0;0.0;0.0;0.0;150.877951180472;12.338515043703302;0.0;0.0150877951180472;0.0012338515043703302;0.0;0.0;0.0;0.0;0.0;0.0
1714918800793;29400000;100.0;100.0;100.0;0.0;131.159347804341;11.39210553287833;0.0;0.0131159347804341;0.0011392105532878332;0.0;0.0;0.0;0.0;0.0;0.0;0.0;126.103389661034;12.287033119116412;0.0;0.0126103389661034;0.0012287033119116413;0.0;0.0;0.0;0.0;0.0;0.0
1714946400793;27600000;100.0;100.0;100.0;0.0;112.790320967903;11.345407008363743;0.0;0.011279032096790301;0.0011345407008363745;0.0;0.0;0.0;0.0;0.0;0.0;0.0;58.851714828517;12.232806369480898;0.0;0.0058851714828517;0.0012232806369480897;0.0;0.0;0.0;0.0;0.0;0.0
1714975800793;29400000;100.0;100.0;100.0;0.0;948.0399920016;11.843556715867155;0.0;0.09480399920016;0.0011843556715867155;0.0;0.0;0.0;0.0;0.0;0.0;0.0;111.613638636136;12.315715142762295;0.0;0.011161363863613601;0.0012315715142762296;0.0;0.0;0.0;0.0;0.0;0.0
1714983000793;300000;100.0;100.0;100.0;7.588882223555;7.588882223555;7.588882223555;7.588882223555001E-4;7.588882223555001E-4;7.588882223555001E-4;0.0;0.0;0.0;0.0;0.0;0.0;3.165766846631;3.165766846631;3.165766846631;3.1657668466310003E-4;3.1657668466310003E-4;3.1657668466310003E-4;0.0;0.0;0.0;0.0;0.0;0.0
1714983600793;600000;100.0;100.0;100.0;0.0;90.1896;11.305123524745303;0.0;0.00901896;0.0011305123524745304;0.0;0.0;0.0;0.0;0.0;0.0;0.0;38.915416916617;12.229216081681429;0.0;0.0038915416916617;0.0012229216081681429;0.0;0.0;0.0;0.0;0.0;0.0
